INSERT INTO dynamic_template_field(id, dynamic_template_id, name, backoffice_name)
VALUES ('169fcffa-b58b-445d-8386-0988af2bc57a', '0f7024a6-adb9-48dd-8b83-3087531c5aa9', '72', 'Kampaň'),
       ('08f98ba3-5329-4230-adc7-c8cd04656c55', '0f7024a6-adb9-48dd-8b83-3087531c5aa9', '82', 'IDZ'),
       ('205601fc-3b8a-4db7-9de7-f6d58963079e', '0f7024a6-adb9-48dd-8b83-3087531c5aa9', '83', 'Certifikace OZ'),
       ('922825a2-c02f-41ee-9b4b-60c8498e7d97', '0f7024a6-adb9-48dd-8b83-3087531c5aa9', '73', 'Jméno a přijmení'),
       ('04445e5a-1421-4d9c-bafe-dc9add3f641d', '0f7024a6-adb9-48dd-8b83-3087531c5aa9', '99', 'Datum narození: den'),
       ('29da845e-6ace-4e5f-9c2d-9e24ad9c4fb0', '0f7024a6-adb9-48dd-8b83-3087531c5aa9', '100', 'Datum narození: měsíc'),
       ('3af22174-a1fa-459f-914c-85a6e6c6b103', '0f7024a6-adb9-48dd-8b83-3087531c5aa9', '95', 'Datum narození: rok'),
       ('a8d12664-a1fb-4b46-9a99-0d0cadbb3ce5', '0f7024a6-adb9-48dd-8b83-3087531c5aa9', '103', 'Adresa trvalého pobytu: ulice'),
       ('741f3aa6-5b1e-4e62-9187-78863a48ab53', '0f7024a6-adb9-48dd-8b83-3087531c5aa9', '105', 'Adresa trvalého pobytu: číslo popisné a orientační'),
       ('ad99f4a2-e5e6-40c9-83fd-50672c5b781c', '0f7024a6-adb9-48dd-8b83-3087531c5aa9', '106', 'Adresa trvalého pobytu: PSČ'),
       ('1a4b3dfe-36ec-44bd-aa7c-91cfdfad9269', '0f7024a6-adb9-48dd-8b83-3087531c5aa9', '104', 'Adresa trvalého pobytu: obec'),
       ('dbb2becf-3396-4e75-add3-117b33aa1fba', '0f7024a6-adb9-48dd-8b83-3087531c5aa9', '107', 'Adresa trvalého pobytu: místní část'),
       ('ba5797c0-70aa-4c58-8807-e5137f56f273', '0f7024a6-adb9-48dd-8b83-3087531c5aa9', '1012', 'Korespondenční adresa: ulice'),
       ('45db8742-350a-45b1-8dcc-3b678e6e4fa6', '0f7024a6-adb9-48dd-8b83-3087531c5aa9', '1011', 'Korespondenční adresa: číslo popisné a orientační'),
       ('bf3e464f-88f1-45c7-9a34-7bd7f8b9a6fc', '0f7024a6-adb9-48dd-8b83-3087531c5aa9', '1010', 'Korespondenční adresa: PSČ'),
       ('978ed6d5-287a-486e-9860-c962ce279613', '0f7024a6-adb9-48dd-8b83-3087531c5aa9', '109', 'Korespondenční adresa: obec'),
       ('eb6bb592-3831-43df-8dd8-dcf91f4ca939', '0f7024a6-adb9-48dd-8b83-3087531c5aa9', '108', 'Korespondenční adresa: místní část'),
       ('79177ec7-64f1-4249-8c08-6555aa52bcee', '0f7024a6-adb9-48dd-8b83-3087531c5aa9', '1013', 'E-mailová adresa'),
       ('c1fd94a3-f69f-485d-9f2b-d9833893c773', '0f7024a6-adb9-48dd-8b83-3087531c5aa9', '1014', 'Telefonní číslo'),
       ('055b9c36-735e-4e1e-bafd-b1bd2bac6d44', '0f7024a6-adb9-48dd-8b83-3087531c5aa9', '1015', 'E-mailová adresa pro vyúčtování'),
       ('ea70b9f5-8a29-461d-8b67-817ecb2b1526', '0f7024a6-adb9-48dd-8b83-3087531c5aa9', '1020', 'Adresa odběrného místa: ulice'),
       ('63ecd668-513b-4080-82f8-8790fe8b30de', '0f7024a6-adb9-48dd-8b83-3087531c5aa9', '1019', 'Adresa odběrného místa: číslo popisné a orientační'),
       ('1df46d15-df04-40f2-912c-fe00f0976edb', '0f7024a6-adb9-48dd-8b83-3087531c5aa9', '1018', 'Adresa odběrného místa: PSČ'),
       ('d1bca160-ab56-4261-bcec-dda728d938b3', '0f7024a6-adb9-48dd-8b83-3087531c5aa9', '1017', 'Adresa odběrného místa: obec'),
       ('c365da87-6f66-475a-bfe9-7ca72980a0eb', '0f7024a6-adb9-48dd-8b83-3087531c5aa9', '1016', 'Adresa odběrného místa: místní část'),
       ('42da41a7-eec0-418b-9db0-2d5cec0aff9e', '0f7024a6-adb9-48dd-8b83-3087531c5aa9', '1030', 'Číslo patra'),
       ('e71f4679-ca90-4515-bed8-75fe7872fd9d', '0f7024a6-adb9-48dd-8b83-3087531c5aa9', '1031', 'Číslo bytu'),
       ('eb765f7f-8fb3-4b3d-92bc-6d41b8460122', '0f7024a6-adb9-48dd-8b83-3087531c5aa9', '125', 'Vztah žadatele k nemovitosti: majitel'),
       ('d107ab7c-7646-4744-9275-f74c8941e164', '0f7024a6-adb9-48dd-8b83-3087531c5aa9', '126', 'Vztah žadatele k nemovitosti: nájemník'),
       ('aef5f290-667d-4385-b841-dd62e900f353', '0f7024a6-adb9-48dd-8b83-3087531c5aa9', '1021', 'Předpokládaná spotřeba (kWh/rok)'),
       ('227d0770-558a-4d3a-ac51-44ffd86f94a3', '0f7024a6-adb9-48dd-8b83-3087531c5aa9', '1024', 'Výrobní číslo plynoměru'),
       ('fe62cb8b-5532-4e0f-84ac-cdf8a024bdfd', '0f7024a6-adb9-48dd-8b83-3087531c5aa9', '1025', 'EIC'),
       ('8eabfa62-071b-4d63-8f1a-bcdd1d74acc0', '0f7024a6-adb9-48dd-8b83-3087531c5aa9', '127', 'Charakter odběru: vaření'),
       ('522f1ab2-7137-496c-9af6-1e4f99313245', '0f7024a6-adb9-48dd-8b83-3087531c5aa9', '128', 'Charakter odběru: TUV'),
       ('eb71a67d-d72e-43b2-b27f-57cef89a49bd', '0f7024a6-adb9-48dd-8b83-3087531c5aa9', '129', 'Charakter odběru: vytápění'),
       ('42c90fb3-aac9-4be3-bff3-37a2b8dad73d', '0f7024a6-adb9-48dd-8b83-3087531c5aa9', '130', 'Časovost odběru: pracovní den'),
       ('78d9422e-8ff5-47fb-95f1-ddc1ee8bf7ad', '0f7024a6-adb9-48dd-8b83-3087531c5aa9', '131', 'Časovost odběru: so, ne'),
       ('ddb0a7ab-1507-4105-844e-d728331ab3e1', '0f7024a6-adb9-48dd-8b83-3087531c5aa9', '1029', 'Stávající dodavatel'),
       ('10c950e0-0192-4958-a3c3-e2c836291f86', '0f7024a6-adb9-48dd-8b83-3087531c5aa9', '147', 'Smlouva se stávajícím dodavatelem: doba neurčitá'),
       ('f77fe611-589e-4245-aab2-b3f34d70079f', '0f7024a6-adb9-48dd-8b83-3087531c5aa9', '141', 'Smlouva se stávajícím dodavatelem: doba určitá'),
       ('9e3cfbe4-5043-46d4-87d9-48f8c34a74ae', '0f7024a6-adb9-48dd-8b83-3087531c5aa9', '133', 'Smlouva se stávajícím dodavatelem: doba určitá do - den'),
       ('555ead9c-f946-436b-b9e1-42569eb8d399', '0f7024a6-adb9-48dd-8b83-3087531c5aa9', '140', 'Smlouva se stávajícím dodavatelem: doba určitá do - měsíc'),
       ('fc06b381-8cbb-4b21-9c50-622eac9b1e30', '0f7024a6-adb9-48dd-8b83-3087531c5aa9', '132', 'Smlouva se stávajícím dodavatelem: doba určitá do - rok'),
       ('8ab6fd55-4606-4dce-8cc2-171ee182b693', '0f7024a6-adb9-48dd-8b83-3087531c5aa9', '1026', 'Výpovědní lhůta se stávajícím dodavatelem: měsíce'),
       ('15843e12-b609-48e2-96c6-fb845a10fadf', '0f7024a6-adb9-48dd-8b83-3087531c5aa9', '1027', 'Výpovědní lhůta se stávajícím dodavatelem: dny'),
       ('04df6482-bc3f-430b-b0a3-910fa49c4216', '0f7024a6-adb9-48dd-8b83-3087531c5aa9', '135', 'Zákazník stávající smlouv vypověděl sám datem: den'),
       ('b506da57-a60e-4375-a53e-a9170c69a5b4', '0f7024a6-adb9-48dd-8b83-3087531c5aa9', '136', 'Zákazník stávající smlouv vypověděl sám datem: měsíc'),
       ('91873155-a3bc-4f52-8692-56bb31c1e98a', '0f7024a6-adb9-48dd-8b83-3087531c5aa9', '134', 'Zákazník stávající smlouv vypověděl sám datem: rok'),
       ('49772099-2fb8-41cf-be8e-20962f136e88', '0f7024a6-adb9-48dd-8b83-3087531c5aa9', '138', 'Předpokládaný termín zahájení dodávek: den'),
       ('43449949-7eaf-4d92-b08e-27f5da7972bd', '0f7024a6-adb9-48dd-8b83-3087531c5aa9', '139', 'Předpokládaný termín zahájení dodávek: měsíc'),
       ('e0794199-2623-48f4-b0c3-170c9affccc0', '0f7024a6-adb9-48dd-8b83-3087531c5aa9', '137', 'Předpokládaný termín zahájení dodávek: rok'),
       ('2b26c2b9-e2ff-4192-aa8c-01260ac82734', '0f7024a6-adb9-48dd-8b83-3087531c5aa9', '158', 'Způsob plateb: inkaso'),
       ('54a219f5-08e8-4198-9f1a-7a62383c578c', '0f7024a6-adb9-48dd-8b83-3087531c5aa9', '148', 'Způsob plateb: SIPO'),
       ('f0d30103-5257-40c3-bcdb-8fed06e2e4c1', '0f7024a6-adb9-48dd-8b83-3087531c5aa9', '143', 'Způsob plateb: vlastní podnět'),
       ('6b726904-e32a-47c9-96d2-fe8cab16aac1', '0f7024a6-adb9-48dd-8b83-3087531c5aa9', '153', 'Plné číslo účtu'),
       ('375abae2-3352-491f-ab97-af5047c803af', '0f7024a6-adb9-48dd-8b83-3087531c5aa9', '157', 'Spojovací číslo'),
       ('a4c51edb-5751-402b-b38b-d81943a878ce', '0f7024a6-adb9-48dd-8b83-3087531c5aa9', '144', 'Způsob vrácení přeplatků: převod do dalšího období'),
       ('98c287dd-aba0-48b7-b4ba-fc537a70c6be', '0f7024a6-adb9-48dd-8b83-3087531c5aa9', '145', 'Způsob vrácení přeplatků: převod na účet'),
       ('357edd48-b0f6-4684-95cd-f993b18cc0fd', '0f7024a6-adb9-48dd-8b83-3087531c5aa9', '1032', 'Výše záloh'),
       ('31aae1b7-fc5d-4229-a6dd-7ac559e4601f', '0f7024a6-adb9-48dd-8b83-3087531c5aa9', '146', 'Zákaznický účet'),
       ('77b6e4fc-7618-4ac8-84b3-f4eb5db0259b', '0f7024a6-adb9-48dd-8b83-3087531c5aa9', '177', 'Termín požadovaných dokumentů: den'),
       ('bc195ae9-f6e5-42b9-b632-65e2a34e9414', '0f7024a6-adb9-48dd-8b83-3087531c5aa9', '176', 'Termín požadovaných dokumentů: měsíc'),
       ('16c73195-2e3d-49d6-abb6-d8f90d67e951', '0f7024a6-adb9-48dd-8b83-3087531c5aa9', '175', 'Termín požadovaných dokumentů: rok'),
       ('cfaa06f3-f75a-48cb-bc31-b583756a8f64', '0f7024a6-adb9-48dd-8b83-3087531c5aa9', 'bonus', 'Výše bonusu'),
       ('16548808-3414-47df-9c6c-f6effbe66c17', '0f7024a6-adb9-48dd-8b83-3087531c5aa9', '151', 'Datum podpisu za obchodníka'),
       ('e870fdca-49cd-4c07-bc1b-806f42378e06', '0f7024a6-adb9-48dd-8b83-3087531c5aa9', '152', 'Datum a místo podpisu za zákazníka'),
       ('cddd3620-193a-409e-a990-1d74a016fb9c', '0f7024a6-adb9-48dd-8b83-3087531c5aa9', '150', 'Jméno a přijmení u podpisu')
ON CONFLICT DO NOTHING;
;-- -. . -..- - / . -. - .-. -.--
INSERT INTO dynamic_template_field(id, dynamic_template_id, name, backoffice_name)
VALUES ('169fcffa-b58b-445d-8386-0988af2bc57a', '0f7024a6-adb9-48dd-8b83-3087531c5aa9', '72', 'Kampaň'),
       ('08f98ba3-5329-4230-adc7-c8cd04656c55', '0f7024a6-adb9-48dd-8b83-3087531c5aa9', '82', 'IDZ'),
       ('205601fc-3b8a-4db7-9de7-f6d58963079e', '0f7024a6-adb9-48dd-8b83-3087531c5aa9', '83', 'Certifikace OZ'),
       ('922825a2-c02f-41ee-9b4b-60c8498e7d97', '0f7024a6-adb9-48dd-8b83-3087531c5aa9', '73', 'Jméno a přijmení'),
       ('04445e5a-1421-4d9c-bafe-dc9add3f641d', '0f7024a6-adb9-48dd-8b83-3087531c5aa9', '99', 'Datum narození: den'),
       ('29da845e-6ace-4e5f-9c2d-9e24ad9c4fb0', '0f7024a6-adb9-48dd-8b83-3087531c5aa9', '100', 'Datum narození: měsíc'),
       ('3af22174-a1fa-459f-914c-85a6e6c6b103', '0f7024a6-adb9-48dd-8b83-3087531c5aa9', '95', 'Datum narození: rok'),
       ('a8d12664-a1fb-4b46-9a99-0d0cadbb3ce5', '0f7024a6-adb9-48dd-8b83-3087531c5aa9', '103', 'Adresa trvalého pobytu: ulice'),
       ('741f3aa6-5b1e-4e62-9187-78863a48ab53', '0f7024a6-adb9-48dd-8b83-3087531c5aa9', '105', 'Adresa trvalého pobytu: číslo popisné a orientační'),
       ('ad99f4a2-e5e6-40c9-83fd-50672c5b781c', '0f7024a6-adb9-48dd-8b83-3087531c5aa9', '106', 'Adresa trvalého pobytu: PSČ'),
       ('1a4b3dfe-36ec-44bd-aa7c-91cfdfad9269', '0f7024a6-adb9-48dd-8b83-3087531c5aa9', '104', 'Adresa trvalého pobytu: obec'),
       ('dbb2becf-3396-4e75-add3-117b33aa1fba', '0f7024a6-adb9-48dd-8b83-3087531c5aa9', '107', 'Adresa trvalého pobytu: místní část'),
       ('ba5797c0-70aa-4c58-8807-e5137f56f273', '0f7024a6-adb9-48dd-8b83-3087531c5aa9', '1012', 'Korespondenční adresa: ulice'),
       ('45db8742-350a-45b1-8dcc-3b678e6e4fa6', '0f7024a6-adb9-48dd-8b83-3087531c5aa9', '1011', 'Korespondenční adresa: číslo popisné a orientační'),
       ('bf3e464f-88f1-45c7-9a34-7bd7f8b9a6fc', '0f7024a6-adb9-48dd-8b83-3087531c5aa9', '1010', 'Korespondenční adresa: PSČ'),
       ('978ed6d5-287a-486e-9860-c962ce279613', '0f7024a6-adb9-48dd-8b83-3087531c5aa9', '109', 'Korespondenční adresa: obec'),
       ('eb6bb592-3831-43df-8dd8-dcf91f4ca939', '0f7024a6-adb9-48dd-8b83-3087531c5aa9', '108', 'Korespondenční adresa: místní část'),
       ('79177ec7-64f1-4249-8c08-6555aa52bcee', '0f7024a6-adb9-48dd-8b83-3087531c5aa9', '1013', 'E-mailová adresa'),
       ('c1fd94a3-f69f-485d-9f2b-d9833893c773', '0f7024a6-adb9-48dd-8b83-3087531c5aa9', '1014', 'Telefonní číslo'),
       ('055b9c36-735e-4e1e-bafd-b1bd2bac6d44', '0f7024a6-adb9-48dd-8b83-3087531c5aa9', '1015', 'E-mailová adresa pro vyúčtování'),
       ('ea70b9f5-8a29-461d-8b67-817ecb2b1526', '0f7024a6-adb9-48dd-8b83-3087531c5aa9', '1020', 'Adresa odběrného místa: ulice'),
       ('63ecd668-513b-4080-82f8-8790fe8b30de', '0f7024a6-adb9-48dd-8b83-3087531c5aa9', '1019', 'Adresa odběrného místa: číslo popisné a orientační'),
       ('1df46d15-df04-40f2-912c-fe00f0976edb', '0f7024a6-adb9-48dd-8b83-3087531c5aa9', '1018', 'Adresa odběrného místa: PSČ'),
       ('d1bca160-ab56-4261-bcec-dda728d938b3', '0f7024a6-adb9-48dd-8b83-3087531c5aa9', '1017', 'Adresa odběrného místa: obec'),
       ('c365da87-6f66-475a-bfe9-7ca72980a0eb', '0f7024a6-adb9-48dd-8b83-3087531c5aa9', '1016', 'Adresa odběrného místa: místní část'),
       ('42da41a7-eec0-418b-9db0-2d5cec0aff9e', '0f7024a6-adb9-48dd-8b83-3087531c5aa9', '1030', 'Číslo patra'),
       ('e71f4679-ca90-4515-bed8-75fe7872fd9d', '0f7024a6-adb9-48dd-8b83-3087531c5aa9', '1031', 'Číslo bytu'),
       ('eb765f7f-8fb3-4b3d-92bc-6d41b8460122', '0f7024a6-adb9-48dd-8b83-3087531c5aa9', '125', 'Vztah žadatele k nemovitosti: majitel'),
       ('d107ab7c-7646-4744-9275-f74c8941e164', '0f7024a6-adb9-48dd-8b83-3087531c5aa9', '126', 'Vztah žadatele k nemovitosti: nájemník'),
       ('aef5f290-667d-4385-b841-dd62e900f353', '0f7024a6-adb9-48dd-8b83-3087531c5aa9', '1021', 'Předpokládaná spotřeba (kWh/rok)'),
       ('227d0770-558a-4d3a-ac51-44ffd86f94a3', '0f7024a6-adb9-48dd-8b83-3087531c5aa9', '1024', 'Výrobní číslo plynoměru'),
       ('fe62cb8b-5532-4e0f-84ac-cdf8a024bdfd', '0f7024a6-adb9-48dd-8b83-3087531c5aa9', '1025', 'EIC'),
       ('8eabfa62-071b-4d63-8f1a-bcdd1d74acc0', '0f7024a6-adb9-48dd-8b83-3087531c5aa9', '127', 'Charakter odběru: vaření'),
       ('522f1ab2-7137-496c-9af6-1e4f99313245', '0f7024a6-adb9-48dd-8b83-3087531c5aa9', '128', 'Charakter odběru: TUV'),
       ('eb71a67d-d72e-43b2-b27f-57cef89a49bd', '0f7024a6-adb9-48dd-8b83-3087531c5aa9', '129', 'Charakter odběru: vytápění'),
       ('42c90fb3-aac9-4be3-bff3-37a2b8dad73d', '0f7024a6-adb9-48dd-8b83-3087531c5aa9', '130', 'Časovost odběru: pracovní den'),
       ('78d9422e-8ff5-47fb-95f1-ddc1ee8bf7ad', '0f7024a6-adb9-48dd-8b83-3087531c5aa9', '131', 'Časovost odběru: so, ne'),
       ('ddb0a7ab-1507-4105-844e-d728331ab3e1', '0f7024a6-adb9-48dd-8b83-3087531c5aa9', '1029', 'Stávající dodavatel'),
       ('10c950e0-0192-4958-a3c3-e2c836291f86', '0f7024a6-adb9-48dd-8b83-3087531c5aa9', '147', 'Smlouva se stávajícím dodavatelem: doba neurčitá'),
       ('f77fe611-589e-4245-aab2-b3f34d70079f', '0f7024a6-adb9-48dd-8b83-3087531c5aa9', '141', 'Smlouva se stávajícím dodavatelem: doba určitá'),
       ('9e3cfbe4-5043-46d4-87d9-48f8c34a74ae', '0f7024a6-adb9-48dd-8b83-3087531c5aa9', '133', 'Smlouva se stávajícím dodavatelem: doba určitá do - den'),
       ('555ead9c-f946-436b-b9e1-42569eb8d399', '0f7024a6-adb9-48dd-8b83-3087531c5aa9', '140', 'Smlouva se stávajícím dodavatelem: doba určitá do - měsíc'),
       ('fc06b381-8cbb-4b21-9c50-622eac9b1e30', '0f7024a6-adb9-48dd-8b83-3087531c5aa9', '132', 'Smlouva se stávajícím dodavatelem: doba určitá do - rok'),
       ('8ab6fd55-4606-4dce-8cc2-171ee182b693', '0f7024a6-adb9-48dd-8b83-3087531c5aa9', '1026', 'Výpovědní lhůta se stávajícím dodavatelem: měsíce'),
       ('15843e12-b609-48e2-96c6-fb845a10fadf', '0f7024a6-adb9-48dd-8b83-3087531c5aa9', '1027', 'Výpovědní lhůta se stávajícím dodavatelem: dny'),
       ('04df6482-bc3f-430b-b0a3-910fa49c4216', '0f7024a6-adb9-48dd-8b83-3087531c5aa9', '135', 'Zákazník stávající smlouv vypověděl sám datem: den'),
       ('b506da57-a60e-4375-a53e-a9170c69a5b4', '0f7024a6-adb9-48dd-8b83-3087531c5aa9', '136', 'Zákazník stávající smlouv vypověděl sám datem: měsíc'),
       ('91873155-a3bc-4f52-8692-56bb31c1e98a', '0f7024a6-adb9-48dd-8b83-3087531c5aa9', '134', 'Zákazník stávající smlouv vypověděl sám datem: rok'),
       ('49772099-2fb8-41cf-be8e-20962f136e88', '0f7024a6-adb9-48dd-8b83-3087531c5aa9', '138', 'Předpokládaný termín zahájení dodávek: den'),
       ('43449949-7eaf-4d92-b08e-27f5da7972bd', '0f7024a6-adb9-48dd-8b83-3087531c5aa9', '139', 'Předpokládaný termín zahájení dodávek: měsíc'),
       ('e0794199-2623-48f4-b0c3-170c9affccc0', '0f7024a6-adb9-48dd-8b83-3087531c5aa9', '137', 'Předpokládaný termín zahájení dodávek: rok'),
       ('2b26c2b9-e2ff-4192-aa8c-01260ac82734', '0f7024a6-adb9-48dd-8b83-3087531c5aa9', '158', 'Způsob plateb: inkaso'),
       ('54a219f5-08e8-4198-9f1a-7a62383c578c', '0f7024a6-adb9-48dd-8b83-3087531c5aa9', '148', 'Způsob plateb: SIPO'),
       ('f0d30103-5257-40c3-bcdb-8fed06e2e4c1', '0f7024a6-adb9-48dd-8b83-3087531c5aa9', '143', 'Způsob plateb: vlastní podnět'),
       ('6b726904-e32a-47c9-96d2-fe8cab16aac1', '0f7024a6-adb9-48dd-8b83-3087531c5aa9', '153', 'Plné číslo účtu'),
       ('375abae2-3352-491f-ab97-af5047c803af', '0f7024a6-adb9-48dd-8b83-3087531c5aa9', '157', 'Spojovací číslo'),
       ('a4c51edb-5751-402b-b38b-d81943a878ce', '0f7024a6-adb9-48dd-8b83-3087531c5aa9', '144', 'Způsob vrácení přeplatků: převod do dalšího období'),
       ('98c287dd-aba0-48b7-b4ba-fc537a70c6be', '0f7024a6-adb9-48dd-8b83-3087531c5aa9', '145', 'Způsob vrácení přeplatků: převod na účet'),
       ('357edd48-b0f6-4684-95cd-f993b18cc0fd', '0f7024a6-adb9-48dd-8b83-3087531c5aa9', '1032', 'Výše záloh'),
       ('31aae1b7-fc5d-4229-a6dd-7ac559e4601f', '0f7024a6-adb9-48dd-8b83-3087531c5aa9', '146', 'Zákaznický účet'),
       ('77b6e4fc-7618-4ac8-84b3-f4eb5db0259b', '0f7024a6-adb9-48dd-8b83-3087531c5aa9', '177', 'Termín požadovaných dokumentů: den'),
       ('bc195ae9-f6e5-42b9-b632-65e2a34e9414', '0f7024a6-adb9-48dd-8b83-3087531c5aa9', '176', 'Termín požadovaných dokumentů: měsíc'),
       ('16c73195-2e3d-49d6-abb6-d8f90d67e951', '0f7024a6-adb9-48dd-8b83-3087531c5aa9', '175', 'Termín požadovaných dokumentů: rok'),
       ('cfaa06f3-f75a-48cb-bc31-b583756a8f64', '0f7024a6-adb9-48dd-8b83-3087531c5aa9', 'BONUSAK', 'Výše bonusu'),
       ('16548808-3414-47df-9c6c-f6effbe66c17', '0f7024a6-adb9-48dd-8b83-3087531c5aa9', '151', 'Datum podpisu za obchodníka'),
       ('e870fdca-49cd-4c07-bc1b-806f42378e06', '0f7024a6-adb9-48dd-8b83-3087531c5aa9', '152', 'Datum a místo podpisu za zákazníka'),
       ('cddd3620-193a-409e-a990-1d74a016fb9c', '0f7024a6-adb9-48dd-8b83-3087531c5aa9', '150', 'Jméno a přijmení u podpisu')
ON CONFLICT DO NOTHING;
;-- -. . -..- - / . -. - .-. -.--
INSERT INTO file_info (id, path, owner_id, original_file_name, content_type, size_in_bytes)
VALUES ('b0f1a7d2-9e8e-4442-9e8d-443462932f10', '/static-files/templates', 'rixo-file-storage', 'gas-cez-contract-extra-08-2024.pdf', 'application/pdf', 98961)
ON CONFLICT DO NOTHING;
;-- -. . -..- - / . -. - .-. -.--
INSERT INTO static_file (id, file_info_id, name, result_file_name, backoffice_name, service_branches)
VALUES ('cacf9de1-9dd1-4c4b-83d1-868cfa76511d', 'b0f1a7d2-9e8e-4442-9e8d-443462932f10', 'gas-cez-contract-extra-08-2024.pdf', 'smlouva', 'Plyn ČEZ: smlouva (EXTRA 08/24)', '[
  "GAS"
]')
ON CONFLICT DO NOTHING;
;-- -. . -..- - / . -. - .-. -.--
INSERT INTO dynamic_template (id, static_file_id, fonts)
VALUES ('0f7024a6-adb9-48dd-8b83-3087531c5aa9', 'cacf9de1-9dd1-4c4b-83d1-868cfa76511d', '{
  "ArialMT": "Roboto-Regular",
  "Helv": "Roboto-Regular",
  "ZaDb": "Roboto-Regular"
}')
ON CONFLICT DO NOTHING;
;-- -. . -..- - / . -. - .-. -.--
INSERT INTO dynamic_template_field(id, dynamic_template_id, name, backoffice_name)
VALUES ('169fcffa-b58b-445d-8386-0988af2bc57a', '0f7024a6-adb9-48dd-8b83-3087531c5aa9', '72', 'Kampaň'),
       ('08f98ba3-5329-4230-adc7-c8cd04656c55', '0f7024a6-adb9-48dd-8b83-3087531c5aa9', '82', 'IDZ'),
       ('205601fc-3b8a-4db7-9de7-f6d58963079e', '0f7024a6-adb9-48dd-8b83-3087531c5aa9', '83', 'Certifikace OZ'),
       ('922825a2-c02f-41ee-9b4b-60c8498e7d97', '0f7024a6-adb9-48dd-8b83-3087531c5aa9', '71', 'Jméno a přijmení'),
       ('04445e5a-1421-4d9c-bafe-dc9add3f641d', '0f7024a6-adb9-48dd-8b83-3087531c5aa9', '98', 'Datum narození: den'),
       ('29da845e-6ace-4e5f-9c2d-9e24ad9c4fb0', '0f7024a6-adb9-48dd-8b83-3087531c5aa9', '99', 'Datum narození: měsíc'),
       ('3af22174-a1fa-459f-914c-85a6e6c6b103', '0f7024a6-adb9-48dd-8b83-3087531c5aa9', '94', 'Datum narození: rok'),
       ('a8d12664-a1fb-4b46-9a99-0d0cadbb3ce5', '0f7024a6-adb9-48dd-8b83-3087531c5aa9', '102', 'Adresa trvalého pobytu: ulice'),
       ('741f3aa6-5b1e-4e62-9187-78863a48ab53', '0f7024a6-adb9-48dd-8b83-3087531c5aa9', '104', 'Adresa trvalého pobytu: číslo popisné a orientační'),
       ('ad99f4a2-e5e6-40c9-83fd-50672c5b781c', '0f7024a6-adb9-48dd-8b83-3087531c5aa9', '105', 'Adresa trvalého pobytu: PSČ'),
       ('1a4b3dfe-36ec-44bd-aa7c-91cfdfad9269', '0f7024a6-adb9-48dd-8b83-3087531c5aa9', '103', 'Adresa trvalého pobytu: obec'),
       ('dbb2becf-3396-4e75-add3-117b33aa1fba', '0f7024a6-adb9-48dd-8b83-3087531c5aa9', '106', 'Adresa trvalého pobytu: místní část'),
       ('ba5797c0-70aa-4c58-8807-e5137f56f273', '0f7024a6-adb9-48dd-8b83-3087531c5aa9', '1011', 'Korespondenční adresa: ulice'),
       ('45db8742-350a-45b1-8dcc-3b678e6e4fa6', '0f7024a6-adb9-48dd-8b83-3087531c5aa9', '1010', 'Korespondenční adresa: číslo popisné a orientační'),
       ('bf3e464f-88f1-45c7-9a34-7bd7f8b9a6fc', '0f7024a6-adb9-48dd-8b83-3087531c5aa9', '109', 'Korespondenční adresa: PSČ'),
       ('978ed6d5-287a-486e-9860-c962ce279613', '0f7024a6-adb9-48dd-8b83-3087531c5aa9', '108', 'Korespondenční adresa: obec'),
       ('eb6bb592-3831-43df-8dd8-dcf91f4ca939', '0f7024a6-adb9-48dd-8b83-3087531c5aa9', '107', 'Korespondenční adresa: místní část'),
       ('79177ec7-64f1-4249-8c08-6555aa52bcee', '0f7024a6-adb9-48dd-8b83-3087531c5aa9', '1012', 'E-mailová adresa'),
       ('c1fd94a3-f69f-485d-9f2b-d9833893c773', '0f7024a6-adb9-48dd-8b83-3087531c5aa9', '1013', 'Telefonní číslo'),
       ('055b9c36-735e-4e1e-bafd-b1bd2bac6d44', '0f7024a6-adb9-48dd-8b83-3087531c5aa9', '1014', 'E-mailová adresa pro vyúčtování'),
       ('ea70b9f5-8a29-461d-8b67-817ecb2b1526', '0f7024a6-adb9-48dd-8b83-3087531c5aa9', '1019', 'Adresa odběrného místa: ulice'),
       ('63ecd668-513b-4080-82f8-8790fe8b30de', '0f7024a6-adb9-48dd-8b83-3087531c5aa9', '1018', 'Adresa odběrného místa: číslo popisné a orientační'),
       ('1df46d15-df04-40f2-912c-fe00f0976edb', '0f7024a6-adb9-48dd-8b83-3087531c5aa9', '1017', 'Adresa odběrného místa: PSČ'),
       ('d1bca160-ab56-4261-bcec-dda728d938b3', '0f7024a6-adb9-48dd-8b83-3087531c5aa9', '1016', 'Adresa odběrného místa: obec'),
       ('c365da87-6f66-475a-bfe9-7ca72980a0eb', '0f7024a6-adb9-48dd-8b83-3087531c5aa9', '1015', 'Adresa odběrného místa: místní část'),
       ('42da41a7-eec0-418b-9db0-2d5cec0aff9e', '0f7024a6-adb9-48dd-8b83-3087531c5aa9', '1029', 'Číslo patra'),
       ('e71f4679-ca90-4515-bed8-75fe7872fd9d', '0f7024a6-adb9-48dd-8b83-3087531c5aa9', '1030', 'Číslo bytu'),
       ('eb765f7f-8fb3-4b3d-92bc-6d41b8460122', '0f7024a6-adb9-48dd-8b83-3087531c5aa9', '124', 'Vztah žadatele k nemovitosti: majitel'),
       ('d107ab7c-7646-4744-9275-f74c8941e164', '0f7024a6-adb9-48dd-8b83-3087531c5aa9', '125', 'Vztah žadatele k nemovitosti: nájemník'),
       ('aef5f290-667d-4385-b841-dd62e900f353', '0f7024a6-adb9-48dd-8b83-3087531c5aa9', '1020', 'Předpokládaná spotřeba (kWh/rok)'),
       ('227d0770-558a-4d3a-ac51-44ffd86f94a3', '0f7024a6-adb9-48dd-8b83-3087531c5aa9', '1023', 'Výrobní číslo plynoměru'),
       ('fe62cb8b-5532-4e0f-84ac-cdf8a024bdfd', '0f7024a6-adb9-48dd-8b83-3087531c5aa9', '1024', 'EIC'),
       ('8eabfa62-071b-4d63-8f1a-bcdd1d74acc0', '0f7024a6-adb9-48dd-8b83-3087531c5aa9', '126', 'Charakter odběru: vaření'),
       ('522f1ab2-7137-496c-9af6-1e4f99313245', '0f7024a6-adb9-48dd-8b83-3087531c5aa9', '127', 'Charakter odběru: TUV'),
       ('eb71a67d-d72e-43b2-b27f-57cef89a49bd', '0f7024a6-adb9-48dd-8b83-3087531c5aa9', '128', 'Charakter odběru: vytápění'),
       ('42c90fb3-aac9-4be3-bff3-37a2b8dad73d', '0f7024a6-adb9-48dd-8b83-3087531c5aa9', '129', 'Časovost odběru: pracovní den'),
       ('78d9422e-8ff5-47fb-95f1-ddc1ee8bf7ad', '0f7024a6-adb9-48dd-8b83-3087531c5aa9', '130', 'Časovost odběru: so, ne'),
       ('ddb0a7ab-1507-4105-844e-d728331ab3e1', '0f7024a6-adb9-48dd-8b83-3087531c5aa9', '1027', 'Stávající dodavatel'),
       ('10c950e0-0192-4958-a3c3-e2c836291f86', '0f7024a6-adb9-48dd-8b83-3087531c5aa9', '141', 'Smlouva se stávajícím dodavatelem: doba neurčitá'),
       ('f77fe611-589e-4245-aab2-b3f34d70079f', '0f7024a6-adb9-48dd-8b83-3087531c5aa9', '140', 'Smlouva se stávajícím dodavatelem: doba určitá'),
       ('9e3cfbe4-5043-46d4-87d9-48f8c34a74ae', '0f7024a6-adb9-48dd-8b83-3087531c5aa9', '132', 'Smlouva se stávajícím dodavatelem: doba určitá do - den'),
       ('555ead9c-f946-436b-b9e1-42569eb8d399', '0f7024a6-adb9-48dd-8b83-3087531c5aa9', '139', 'Smlouva se stávajícím dodavatelem: doba určitá do - měsíc'),
       ('fc06b381-8cbb-4b21-9c50-622eac9b1e30', '0f7024a6-adb9-48dd-8b83-3087531c5aa9', '131', 'Smlouva se stávajícím dodavatelem: doba určitá do - rok'),
       ('8ab6fd55-4606-4dce-8cc2-171ee182b693', '0f7024a6-adb9-48dd-8b83-3087531c5aa9', '1025', 'Výpovědní lhůta se stávajícím dodavatelem: měsíce'),
       ('15843e12-b609-48e2-96c6-fb845a10fadf', '0f7024a6-adb9-48dd-8b83-3087531c5aa9', '1026', 'Výpovědní lhůta se stávajícím dodavatelem: dny'),
       ('04df6482-bc3f-430b-b0a3-910fa49c4216', '0f7024a6-adb9-48dd-8b83-3087531c5aa9', '134', 'Zákazník stávající smlouv vypověděl sám datem: den'),
       ('b506da57-a60e-4375-a53e-a9170c69a5b4', '0f7024a6-adb9-48dd-8b83-3087531c5aa9', '135', 'Zákazník stávající smlouv vypověděl sám datem: měsíc'),
       ('91873155-a3bc-4f52-8692-56bb31c1e98a', '0f7024a6-adb9-48dd-8b83-3087531c5aa9', '133', 'Zákazník stávající smlouv vypověděl sám datem: rok'),
       ('49772099-2fb8-41cf-be8e-20962f136e88', '0f7024a6-adb9-48dd-8b83-3087531c5aa9', '137', 'Předpokládaný termín zahájení dodávek: den'),
       ('43449949-7eaf-4d92-b08e-27f5da7972bd', '0f7024a6-adb9-48dd-8b83-3087531c5aa9', '138', 'Předpokládaný termín zahájení dodávek: měsíc'),
       ('e0794199-2623-48f4-b0c3-170c9affccc0', '0f7024a6-adb9-48dd-8b83-3087531c5aa9', '136', 'Předpokládaný termín zahájení dodávek: rok'),
       ('2b26c2b9-e2ff-4192-aa8c-01260ac82734', '0f7024a6-adb9-48dd-8b83-3087531c5aa9', '157', 'Způsob plateb: inkaso'),
       ('54a219f5-08e8-4198-9f1a-7a62383c578c', '0f7024a6-adb9-48dd-8b83-3087531c5aa9', '146', 'Způsob plateb: SIPO'),
       ('f0d30103-5257-40c3-bcdb-8fed06e2e4c1', '0f7024a6-adb9-48dd-8b83-3087531c5aa9', '142', 'Způsob plateb: vlastní podnět'),
       ('6b726904-e32a-47c9-96d2-fe8cab16aac1', '0f7024a6-adb9-48dd-8b83-3087531c5aa9', '149', 'Plné číslo účtu'),
       ('375abae2-3352-491f-ab97-af5047c803af', '0f7024a6-adb9-48dd-8b83-3087531c5aa9', '156', 'Spojovací číslo'),
       ('a4c51edb-5751-402b-b38b-d81943a878ce', '0f7024a6-adb9-48dd-8b83-3087531c5aa9', '143', 'Způsob vrácení přeplatků: převod do dalšího období'),
       ('98c287dd-aba0-48b7-b4ba-fc537a70c6be', '0f7024a6-adb9-48dd-8b83-3087531c5aa9', '144', 'Způsob vrácení přeplatků: převod na účet'),
       ('357edd48-b0f6-4684-95cd-f993b18cc0fd', '0f7024a6-adb9-48dd-8b83-3087531c5aa9', '1028', 'Výše záloh'),
       ('31aae1b7-fc5d-4229-a6dd-7ac559e4601f', '0f7024a6-adb9-48dd-8b83-3087531c5aa9', '145', 'Zákaznický účet'),
       ('77b6e4fc-7618-4ac8-84b3-f4eb5db0259b', '0f7024a6-adb9-48dd-8b83-3087531c5aa9', '180', 'Termín požadovaných dokumentů: den'),
       ('bc195ae9-f6e5-42b9-b632-65e2a34e9414', '0f7024a6-adb9-48dd-8b83-3087531c5aa9', '181', 'Termín požadovaných dokumentů: měsíc'),
       ('16c73195-2e3d-49d6-abb6-d8f90d67e951', '0f7024a6-adb9-48dd-8b83-3087531c5aa9', '179', 'Termín požadovaných dokumentů: rok'),
       ('cfaa06f3-f75a-48cb-bc31-b583756a8f64', '0f7024a6-adb9-48dd-8b83-3087531c5aa9', 'BONUSAK', 'Výše bonusu'),
       ('16548808-3414-47df-9c6c-f6effbe66c17', '0f7024a6-adb9-48dd-8b83-3087531c5aa9', '150', 'Datum podpisu za obchodníka'),
       ('e870fdca-49cd-4c07-bc1b-806f42378e06', '0f7024a6-adb9-48dd-8b83-3087531c5aa9', '151', 'Datum a místo podpisu za zákazníka'),
       ('cddd3620-193a-409e-a990-1d74a016fb9c', '0f7024a6-adb9-48dd-8b83-3087531c5aa9', '148', 'Jméno a přijmení u podpisu')
ON CONFLICT DO NOTHING;
;-- -. . -..- - / . -. - .-. -.--
INSERT INTO dynamic_template_api_field (id, dynamic_template_id, name, type, content_category, fill_instructions)
VALUES ('594050f1-4ce9-425e-8961-2d2e3e9c4bbe', '0f7024a6-adb9-48dd-8b83-3087531c5aa9', 'cezCampaign', 'TEXT', 'STANDARD', '{
  "templateFieldId": "169fcffa-b58b-445d-8386-0988af2bc57a"
}'),
       ('ba7f3ba4-008b-4618-8ec6-ae75989f524e', '0f7024a6-adb9-48dd-8b83-3087531c5aa9', 'cezIdz', 'TEXT', 'STANDARD', '{
         "templateFieldId": "08f98ba3-5329-4230-adc7-c8cd04656c55"
       }'),
       ('65001cb3-7fec-4db9-b0d6-344e9161b01d', '0f7024a6-adb9-48dd-8b83-3087531c5aa9', 'cezOzCertification', 'TEXT', 'STANDARD', '{
         "templateFieldId": "205601fc-3b8a-4db7-9de7-f6d58963079e"
       }'),
       ('b85ac856-9281-4fb5-9919-3e2a206cfa06', '0f7024a6-adb9-48dd-8b83-3087531c5aa9', 'fullName', 'CLONED_TEXT', 'STANDARD', '{
         "clones": [
           {
             "templateFieldId": "922825a2-c02f-41ee-9b4b-60c8498e7d97"
           },
           {
             "templateFieldId": "cddd3620-193a-409e-a990-1d74a016fb9c"
           }
         ]
       }'),
       ('bc7d8c94-fd6a-4ac0-8faf-9ee069d0046d', '0f7024a6-adb9-48dd-8b83-3087531c5aa9', 'birthDate', 'DATE', 'STANDARD', '{
         "dayTemplateFieldId": "04445e5a-1421-4d9c-bafe-dc9add3f641d",
         "monthTemplateFieldId": "29da845e-6ace-4e5f-9c2d-9e24ad9c4fb0",
         "yearTemplateFieldId": "3af22174-a1fa-459f-914c-85a6e6c6b103"
       }'),
       ('9a21a642-e913-4537-ab75-1e2e11a329cd', '0f7024a6-adb9-48dd-8b83-3087531c5aa9', 'permanentAddressStreet', 'TEXT', 'STANDARD', '{
         "templateFieldId": "a8d12664-a1fb-4b46-9a99-0d0cadbb3ce5"
       }'),
       ('e7acbf59-b803-46bc-aa3a-e595d9c01f44', '0f7024a6-adb9-48dd-8b83-3087531c5aa9', 'permanentAddressFullNumber', 'TEXT', 'STANDARD', '{
         "templateFieldId": "741f3aa6-5b1e-4e62-9187-78863a48ab53"
       }'),
       ('386d0bfc-711d-4fce-97e3-3fd0e9ca0b6f', '0f7024a6-adb9-48dd-8b83-3087531c5aa9', 'permanentAddressZipCode', 'TEXT', 'STANDARD', '{
         "templateFieldId": "ad99f4a2-e5e6-40c9-83fd-50672c5b781c"
       }'),
       ('763276ce-c7bb-45e7-ad90-0452184e9c01', '0f7024a6-adb9-48dd-8b83-3087531c5aa9', 'permanentAddressCity', 'TEXT', 'STANDARD', '{
         "templateFieldId": "1a4b3dfe-36ec-44bd-aa7c-91cfdfad9269"
       }'),
       ('8203ce02-f8f2-4593-b848-d6f7f9048e68', '0f7024a6-adb9-48dd-8b83-3087531c5aa9', 'permanentAddressFullCityPart', 'TEXT', 'STANDARD', '{
         "templateFieldId": "dbb2becf-3396-4e75-add3-117b33aa1fba"
       }'),
       ('0fe1b132-aed4-484c-88bf-38690f4c5339', '0f7024a6-adb9-48dd-8b83-3087531c5aa9', 'deliveryAddressDifferent', 'DATA_HOLDER', 'STANDARD', '{}'),
       ('6bea26e0-36cf-4f70-8635-804b269b1d83', '0f7024a6-adb9-48dd-8b83-3087531c5aa9', 'deliveryAddressStreet', 'TEXT', 'STANDARD', '{
         "templateFieldId": "ba5797c0-70aa-4c58-8807-e5137f56f273",
         "skipIfValueOf": [
           {
             "apiFieldId": "0fe1b132-aed4-484c-88bf-38690f4c5339",
             "is": false
           }
         ]
       }'),
       ('2126af64-311c-44fe-838e-868dd4effe52', '0f7024a6-adb9-48dd-8b83-3087531c5aa9', 'deliveryAddressFullNumber', 'TEXT', 'STANDARD', '{
         "templateFieldId": "45db8742-350a-45b1-8dcc-3b678e6e4fa6",
         "skipIfValueOf": [
           {
             "apiFieldId": "0fe1b132-aed4-484c-88bf-38690f4c5339",
             "is": false
           }
         ]
       }'),
       ('5131cc8a-6d2a-4e91-8903-6e1d8a624d3d', '0f7024a6-adb9-48dd-8b83-3087531c5aa9', 'deliveryAddressZipCode', 'TEXT', 'STANDARD', '{
         "templateFieldId": "bf3e464f-88f1-45c7-9a34-7bd7f8b9a6fc",
         "skipIfValueOf": [
           {
             "apiFieldId": "0fe1b132-aed4-484c-88bf-38690f4c5339",
             "is": false
           }
         ]
       }'),
       ('c51fc205-ec8c-4339-bce5-b2e87d1c9093', '0f7024a6-adb9-48dd-8b83-3087531c5aa9', 'deliveryAddressCity', 'TEXT', 'STANDARD', '{
         "templateFieldId": "978ed6d5-287a-486e-9860-c962ce279613",
         "skipIfValueOf": [
           {
             "apiFieldId": "0fe1b132-aed4-484c-88bf-38690f4c5339",
             "is": false
           }
         ]
       }'),
       ('1ff194f9-105e-4236-bbff-06228706b1b2', '0f7024a6-adb9-48dd-8b83-3087531c5aa9', 'deliveryAddressFullCityPart', 'TEXT', 'STANDARD', '{
         "templateFieldId": "eb6bb592-3831-43df-8dd8-dcf91f4ca939",
         "skipIfValueOf": [
           {
             "apiFieldId": "0fe1b132-aed4-484c-88bf-38690f4c5339",
             "is": false
           }
         ]
       }'),
       ('575a426a-315d-42f2-ac98-c072b8596a88', '0f7024a6-adb9-48dd-8b83-3087531c5aa9', 'emailAddress', 'TEXT', 'STANDARD', '{
         "templateFieldId": "79177ec7-64f1-4249-8c08-6555aa52bcee"
       }'),
       ('78c6bc65-beda-4fc8-a63d-2c2f728c6f13', '0f7024a6-adb9-48dd-8b83-3087531c5aa9', 'phoneNumber', 'TEXT', 'STANDARD', '{
         "templateFieldId": "c1fd94a3-f69f-485d-9f2b-d9833893c773"
       }'),
       ('f3a557ea-5e1c-4059-abc9-01e1047d01a1', '0f7024a6-adb9-48dd-8b83-3087531c5aa9', 'consumptionPointAddressStreet', 'TEXT', 'STANDARD', '{
         "templateFieldId": "ea70b9f5-8a29-461d-8b67-817ecb2b1526"
       }'),
       ('92317c1c-866f-4fd6-9582-dc65c492dd6e', '0f7024a6-adb9-48dd-8b83-3087531c5aa9', 'consumptionPointAddressFullNumber', 'TEXT', 'STANDARD', '{
         "templateFieldId": "63ecd668-513b-4080-82f8-8790fe8b30de"
       }'),
       ('04a67bd4-9d39-4641-986f-5da5c045069e', '0f7024a6-adb9-48dd-8b83-3087531c5aa9', 'consumptionPointAddressZipCode', 'TEXT', 'STANDARD', '{
         "templateFieldId": "1df46d15-df04-40f2-912c-fe00f0976edb"
       }'),
       ('8696a73f-9463-46a8-8d7e-564c5d075753', '0f7024a6-adb9-48dd-8b83-3087531c5aa9', 'consumptionPointAddressCity', 'TEXT', 'STANDARD', '{
         "templateFieldId": "d1bca160-ab56-4261-bcec-dda728d938b3"
       }'),
       ('0ac5d934-bc4f-4a8c-b1eb-6eb0281fac05', '0f7024a6-adb9-48dd-8b83-3087531c5aa9', 'consumptionPointAddressFullCityPart', 'TEXT', 'STANDARD', '{
         "templateFieldId": "c365da87-6f66-475a-bfe9-7ca72980a0eb"
       }'),
       ('600d8c03-4ca4-416a-83dd-7a08915aaeab', '0f7024a6-adb9-48dd-8b83-3087531c5aa9', 'floorNumber', 'TEXT', 'STANDARD', '{
         "templateFieldId": "42da41a7-eec0-418b-9db0-2d5cec0aff9e"
       }'),
       ('0ef12104-7d07-490d-b822-c835a4a666a3', '0f7024a6-adb9-48dd-8b83-3087531c5aa9', 'apartmentNumber', 'TEXT', 'STANDARD', '{
         "templateFieldId": "e71f4679-ca90-4515-bed8-75fe7872fd9d"
       }'),
       ('c908af36-b3e0-4c81-998e-e6d0055c42cf', '0f7024a6-adb9-48dd-8b83-3087531c5aa9', 'customerRelationToConsumptionPoint', 'RADIO', 'STANDARD', '{
         "templateFieldIds": {
           "OWNER": "eb765f7f-8fb3-4b3d-92bc-6d41b8460122",
           "TENANT": "d107ab7c-7646-4744-9275-f74c8941e164"
         }
       }'),
       ('6c1b3be2-223e-4f75-8775-de858d2e298f', '0f7024a6-adb9-48dd-8b83-3087531c5aa9', 'yearlyConsumptionKwh', 'TEXT', 'STANDARD', '{
         "templateFieldId": "aef5f290-667d-4385-b841-dd62e900f353"
       }'),
       ('51fca031-cae8-4fa3-92fe-4ba07f777ad6', '0f7024a6-adb9-48dd-8b83-3087531c5aa9', 'gasMeterSerialNumber', 'TEXT', 'STANDARD', '{
         "templateFieldId": "227d0770-558a-4d3a-ac51-44ffd86f94a3"
       }'),
       ('ec141f8a-e776-4040-9d94-d0f199d28abf', '0f7024a6-adb9-48dd-8b83-3087531c5aa9', 'eic', 'TEXT', 'STANDARD', '{
         "templateFieldId": "fe62cb8b-5532-4e0f-84ac-cdf8a024bdfd"
       }'),
       ('c3dca023-7a77-4329-b5ac-9ba0505e575c', '0f7024a6-adb9-48dd-8b83-3087531c5aa9', 'arrangedGasUsage', 'MULTI_RADIO', 'STANDARD', '{
         "templateFieldIds": {
           "COOKING": "8eabfa62-071b-4d63-8f1a-bcdd1d74acc0",
           "WATER_BOILER": "522f1ab2-7137-496c-9af6-1e4f99313245",
           "HEATING": "eb71a67d-d72e-43b2-b27f-57cef89a49bd"
         }
       }'),
       ('4794c1ff-1d37-44a3-bd7b-01041bb45a9b', '0f7024a6-adb9-48dd-8b83-3087531c5aa9', 'consumptionSchedule', 'MULTI_RADIO', 'STANDARD', '{
         "templateFieldIds": {
           "WORKING_DAYS": "42c90fb3-aac9-4be3-bff3-37a2b8dad73d",
           "WEEKENDS": "78d9422e-8ff5-47fb-95f1-ddc1ee8bf7ad"
         }
       }'),
       ('0c139246-4024-4469-aad7-a559b48c9b63', '0f7024a6-adb9-48dd-8b83-3087531c5aa9', 'currentProvider', 'TEXT', 'STANDARD', '{
         "templateFieldId": "ddb0a7ab-1507-4105-844e-d728331ab3e1"
       }'),
       ('25ea2738-889c-4b06-9de2-d1e5a6e8ae87', '0f7024a6-adb9-48dd-8b83-3087531c5aa9', 'currentProviderContractIndefinite', 'RADIO', 'STANDARD', '{
         "templateFieldIds": {
           "true": "10c950e0-0192-4958-a3c3-e2c836291f86",
           "false": "f77fe611-589e-4245-aab2-b3f34d70079f"
         }
       }'),
       ('386e2158-c651-4d52-b1b6-d9a7cd34108a', '0f7024a6-adb9-48dd-8b83-3087531c5aa9', 'currentProviderDefiniteContractEndDate', 'DATE', 'STANDARD', '{
         "dayTemplateFieldId": "9e3cfbe4-5043-46d4-87d9-48f8c34a74ae",
         "monthTemplateFieldId": "555ead9c-f946-436b-b9e1-42569eb8d399",
         "yearTemplateFieldId": "fc06b381-8cbb-4b21-9c50-622eac9b1e30"
       }'),
       ('5eb22f82-0319-4434-afe6-b7b3439b319b', '0f7024a6-adb9-48dd-8b83-3087531c5aa9', 'currentProviderContractIndefiniteEndPeriodUnit', 'DATA_HOLDER', 'STANDARD', '{}'),
       ('b8ea000b-fae7-43cf-bb3e-dc395247dbeb', '0f7024a6-adb9-48dd-8b83-3087531c5aa9', 'currentProviderContractIndefiniteEndPeriodLength', 'CLONED_TEXT', 'STANDARD', '{
         "clones": [
           {
             "templateFieldId": "15843e12-b609-48e2-96c6-fb845a10fadf",
             "skipIfValueOf": [
               {
                 "apiFieldId": "5eb22f82-0319-4434-afe6-b7b3439b319b",
                 "isOtherThan": "DAYS"
               }
             ]
           },
           {
             "templateFieldId": "8ab6fd55-4606-4dce-8cc2-171ee182b693",
             "skipIfValueOf": [
               {
                 "apiFieldId": "5eb22f82-0319-4434-afe6-b7b3439b319b",
                 "isOtherThan": "MONTHS"
               }
             ]
           }
         ]
       }'),
       ('3d20ea6c-7f84-40fd-b6e6-9b311b6e02e9', '0f7024a6-adb9-48dd-8b83-3087531c5aa9', 'customerTerminationDate', 'DATE', 'STANDARD', '{
         "dayTemplateFieldId": "04df6482-bc3f-430b-b0a3-910fa49c4216",
         "monthTemplateFieldId": "b506da57-a60e-4375-a53e-a9170c69a5b4",
         "yearTemplateFieldId": "91873155-a3bc-4f52-8692-56bb31c1e98a"
       }'),
       ('93ddea42-d319-4c42-8b58-440aa7f1c8ef', '0f7024a6-adb9-48dd-8b83-3087531c5aa9', 'deliveryStartDate', 'DATE', 'STANDARD', '{
         "dayTemplateFieldId": "49772099-2fb8-41cf-be8e-20962f136e88",
         "monthTemplateFieldId": "43449949-7eaf-4d92-b08e-27f5da7972bd",
         "yearTemplateFieldId": "e0794199-2623-48f4-b0c3-170c9affccc0"
       }'),
       ('d31f5ef0-ee46-4323-a5b3-be7bd32a0006', '0f7024a6-adb9-48dd-8b83-3087531c5aa9', 'depositPaymentType', 'RADIO', 'STANDARD', '{
         "templateFieldIds": {
           "DIRECT_DEBIT": "2b26c2b9-e2ff-4192-aa8c-01260ac82734",
           "SIPO": "54a219f5-08e8-4198-9f1a-7a62383c578c",
           "PAYMENT_ORDER": "f0d30103-5257-40c3-bcdb-8fed06e2e4c1"
         }
       }'),
       ('66a50c29-f56e-4a4e-8d78-9407308362df', '0f7024a6-adb9-48dd-8b83-3087531c5aa9', 'fullBankAccount', 'TEXT', 'STANDARD', '{
         "templateFieldId": "6b726904-e32a-47c9-96d2-fe8cab16aac1"
       }'),
       ('2689d924-1f8d-4303-b66e-2a6d92d51183', '0f7024a6-adb9-48dd-8b83-3087531c5aa9', 'sipoNumber', 'TEXT', 'STANDARD', '{
         "templateFieldId": "375abae2-3352-491f-ab97-af5047c803af"
       }'),
       ('379fa237-6cda-4358-ae09-4facd910478b', '0f7024a6-adb9-48dd-8b83-3087531c5aa9', 'depositRefundType', 'RADIO', 'STANDARD', '{
         "templateFieldIds": {
           "DEPOSIT_TRANSFER": "a4c51edb-5751-402b-b38b-d81943a878ce",
           "BANK_TRANSFER": "98c287dd-aba0-48b7-b4ba-fc537a70c6be"
         }
       }'),
       ('6f3d075b-5844-47f1-90fd-04790583dde9', '0f7024a6-adb9-48dd-8b83-3087531c5aa9', 'depositAmount', 'MONEY', 'STANDARD', '{
         "templateFieldId": "357edd48-b0f6-4684-95cd-f993b18cc0fd",
         "includeCurrency": false
       }'),
       ('e0ded6c2-e6e1-43b4-aa08-4a03e377fbd5', '0f7024a6-adb9-48dd-8b83-3087531c5aa9', 'providerClientZoneAccount', 'BOOLEAN', 'STANDARD', '{
         "templateFieldId": "31aae1b7-fc5d-4229-a6dd-7ac559e4601f"
       }'),
       ('cb19f5e8-bc24-46de-a03e-10b2b12f8963', '0f7024a6-adb9-48dd-8b83-3087531c5aa9', 'documentsDeliveryDueDate', 'DATE', 'STANDARD', '{
         "dayTemplateFieldId": "77b6e4fc-7618-4ac8-84b3-f4eb5db0259b",
         "monthTemplateFieldId": "bc195ae9-f6e5-42b9-b632-65e2a34e9414",
         "yearTemplateFieldId": "16c73195-2e3d-49d6-abb6-d8f90d67e951"
       }'),
       ('9f247a06-aa87-4496-83fc-daea0846659e', '0f7024a6-adb9-48dd-8b83-3087531c5aa9', 'discount', 'TEXT', 'STANDARD', '{
         "templateFieldId": "cfaa06f3-f75a-48cb-bc31-b583756a8f64"
       }'),
       ('083d2182-4f2e-4c37-8a82-76e143c6c21e', '0f7024a6-adb9-48dd-8b83-3087531c5aa9', 'providerSignatureDate', 'TEXT', 'SIGNATURE_DATE', '{
         "templateFieldId": "16548808-3414-47df-9c6c-f6effbe66c17"
       }'),
       ('e4f2456d-d596-47dc-ac77-71fdf4f785b8', '0f7024a6-adb9-48dd-8b83-3087531c5aa9', 'customerSignatureDateAndPlace', 'TEXT', 'SIGNATURE_DATE_AND_PLACE', '{
         "templateFieldId": "e870fdca-49cd-4c07-bc1b-806f42378e06"
       }')
ON CONFLICT DO NOTHING;
;-- -. . -..- - / . -. - .-. -.--
INSERT INTO dynamic_template_signature(id, dynamic_template_id, page, x_coordinate, y_coordinate, width, height)
VALUES ('56dc042c-9b5e-4318-bede-a659465aa5ac', '0f7024a6-adb9-48dd-8b83-3087531c5aa9', 1, 0, 0, 300, 55)
ON CONFLICT DO NOTHING;
;-- -. . -..- - / . -. - .-. -.--
INSERT INTO file_info (id, path, owner_id, original_file_name, content_type, size_in_bytes)
VALUES ('29cac144-2ed6-425b-a1e9-48068ed4fa8b', '/static-files/templates', 'rixo-file-storage', 'pre-gas-contract-partner.pdf', 'application/pdf', 670745)
ON CONFLICT DO NOTHING;
;-- -. . -..- - / . -. - .-. -.--
INSERT INTO file_info (id, path, owner_id, original_file_name, content_type, size_in_bytes)
VALUES ('b7461310-6d9f-4f93-90a9-c078e05abab2', '/static-files/templates', 'rixo-file-storage', 'INDI_2_roky_PLYN_dom†cnost_2024_10.pdf', 'application/pdf', 100033)
ON CONFLICT DO NOTHING;
;-- -. . -..- - / . -. - .-. -.--
INSERT INTO static_file (id, file_info_id, name, result_file_name, backoffice_name, service_branches)
VALUES ('1a17320f-66f9-484b-b37f-7899fdc7fb9f', 'b7461310-6d9f-4f93-90a9-c078e05abab2', 'gas-cez-contract-indi-2-year-10-24.pdf', 'smlouva', 'Plyn ČEZ: Smlouva (2 roky - 10/2024)', '[
  "GAS"
]')
ON CONFLICT DO NOTHING;
;-- -. . -..- - / . -. - .-. -.--
INSERT INTO dynamic_template (id, static_file_id, fonts)
VALUES ('45a2ffdb-063a-4962-aae2-5736e89c2f25', '1a17320f-66f9-484b-b37f-7899fdc7fb9f', '{
  "ArialMT": "Roboto-Regular",
  "Helv": "Roboto-Regular",
  "ZaDb": "Roboto-Regular"
}')
ON CONFLICT DO NOTHING;
;-- -. . -..- - / . -. - .-. -.--
INSERT INTO dynamic_template_field(id, dynamic_template_id, name, backoffice_name)
VALUES ('bd15364d-c296-4da7-9b4d-b9d6cbcb66ba', '45a2ffdb-063a-4962-aae2-5736e89c2f25', '72', 'Kampaň'),
       ('a44e7d41-a965-4414-af7c-5489a501a21d', '45a2ffdb-063a-4962-aae2-5736e89c2f25', '82', 'IDZ'),
       ('b5ed633a-83c4-48a1-a60f-eb8825a23765', '45a2ffdb-063a-4962-aae2-5736e89c2f25', '83', 'Certifikace OZ'),
       ('7b380fb4-47bb-4068-9fd6-0203968bd707', '45a2ffdb-063a-4962-aae2-5736e89c2f25', '71', 'Jméno a přijmení'),
       ('2939c35d-8f78-4f5f-b593-3fdec40117a3', '45a2ffdb-063a-4962-aae2-5736e89c2f25', '98', 'Datum narození: den'),
       ('37dbbd35-2273-45ee-83fb-6d46ac779f7c', '45a2ffdb-063a-4962-aae2-5736e89c2f25', '99', 'Datum narození: měsíc'),
       ('0576005b-5e57-4969-b195-47b0680317dc', '45a2ffdb-063a-4962-aae2-5736e89c2f25', '94', 'Datum narození: rok'),
       ('a5e289c4-38fa-420c-b24f-06ebe7baee0d', '45a2ffdb-063a-4962-aae2-5736e89c2f25', '102', 'Adresa trvalého pobytu: ulice'),
       ('dffd790c-d3bc-46a4-a065-bee52e923e4f', '45a2ffdb-063a-4962-aae2-5736e89c2f25', '104', 'Adresa trvalého pobytu: číslo popisné a orientační'),
       ('88572f03-9f3d-4153-b2ed-9e78086ff598', '45a2ffdb-063a-4962-aae2-5736e89c2f25', '105', 'Adresa trvalého pobytu: PSČ'),
       ('8f8b3cf2-8e9a-4cb4-b6bc-07f58e6a1206', '45a2ffdb-063a-4962-aae2-5736e89c2f25', '103', 'Adresa trvalého pobytu: obec'),
       ('15c0f61c-6635-4cca-822b-5058de0ba0d1', '45a2ffdb-063a-4962-aae2-5736e89c2f25', '106', 'Adresa trvalého pobytu: místní část'),
       ('0af6bba1-cf13-4b2f-a399-efc49f39f0e3', '45a2ffdb-063a-4962-aae2-5736e89c2f25', '1011', 'Korespondenční adresa: ulice'),
       ('87a69b22-d062-40a8-9cb4-25e0171736e7', '45a2ffdb-063a-4962-aae2-5736e89c2f25', '1010', 'Korespondenční adresa: číslo popisné a orientační'),
       ('20f766c7-d763-4aa2-8265-234ba004a0a7', '45a2ffdb-063a-4962-aae2-5736e89c2f25', '109', 'Korespondenční adresa: PSČ'),
       ('d3e8b632-1622-4a49-8295-248fd26dc00e', '45a2ffdb-063a-4962-aae2-5736e89c2f25', '108', 'Korespondenční adresa: obec'),
       ('2cb7da69-56e4-449b-92be-0e3219ca8f79', '45a2ffdb-063a-4962-aae2-5736e89c2f25', '107', 'Korespondenční adresa: místní část'),
       ('552821d4-2535-45b7-9694-533ec39e04ee', '45a2ffdb-063a-4962-aae2-5736e89c2f25', '1012', 'E-mailová adresa'),
       ('bb6aa188-9d55-46ba-aeab-89fb40fe7b82', '45a2ffdb-063a-4962-aae2-5736e89c2f25', '1013', 'Telefonní číslo'),
       ('2a0d5c2d-8764-4adb-a93d-b198d0d483fd', '45a2ffdb-063a-4962-aae2-5736e89c2f25', '1014', 'E-mailová adresa pro vyúčtování'),
       ('877b3f90-00ee-4353-af5a-cf4e57b50b07', '45a2ffdb-063a-4962-aae2-5736e89c2f25', '1019', 'Adresa odběrného místa: ulice'),
       ('27ff2db6-2535-4167-8be5-3f16cd0a36f6', '45a2ffdb-063a-4962-aae2-5736e89c2f25', '1018', 'Adresa odběrného místa: číslo popisné a orientační'),
       ('a996ac46-bda5-47a8-9662-691f63c83900', '45a2ffdb-063a-4962-aae2-5736e89c2f25', '1017', 'Adresa odběrného místa: PSČ'),
       ('fc7084fa-c9c9-4f04-b0fe-256acdd68143', '45a2ffdb-063a-4962-aae2-5736e89c2f25', '1016', 'Adresa odběrného místa: obec'),
       ('efa6b926-991a-4a9c-8592-48d60e515e97', '45a2ffdb-063a-4962-aae2-5736e89c2f25', '1015', 'Adresa odběrného místa: místní část'),
       ('61cdc622-1a51-4eb3-9737-176a4a1e55fb', '45a2ffdb-063a-4962-aae2-5736e89c2f25', '1029', 'Číslo patra'),
       ('e558a7c9-5717-4bb3-a05f-42a404401dc7', '45a2ffdb-063a-4962-aae2-5736e89c2f25', '1030', 'Číslo bytu'),
       ('e77e4de7-e7cf-4d39-9a66-329f12ddce9a', '45a2ffdb-063a-4962-aae2-5736e89c2f25', '124', 'Vztah žadatele k nemovitosti: majitel'),
       ('ca6b0587-4458-4200-9c44-1019e3441185', '45a2ffdb-063a-4962-aae2-5736e89c2f25', '125', 'Vztah žadatele k nemovitosti: nájemník'),
       ('20136813-f624-4ef1-9147-9ba046556e76', '45a2ffdb-063a-4962-aae2-5736e89c2f25', '1020', 'Předpokládaná spotřeba (kWh/rok)'),
       ('99ea3300-610a-4190-b0fb-b8c48baac39b', '45a2ffdb-063a-4962-aae2-5736e89c2f25', '1023', 'Výrobní číslo plynoměru'),
       ('a22b0d96-7f74-40ba-b9f0-666eefb2a45d', '45a2ffdb-063a-4962-aae2-5736e89c2f25', '1024', 'EIC'),
       ('421e0585-3769-4274-ab31-f2a8a9727f7c', '45a2ffdb-063a-4962-aae2-5736e89c2f25', '126', 'Charakter odběru: vaření'),
       ('849e3a9e-b40f-4884-aeac-83d29825dec5', '45a2ffdb-063a-4962-aae2-5736e89c2f25', '127', 'Charakter odběru: TUV'),
       ('625e4697-5818-4e96-8e99-d4dc891dc09e', '45a2ffdb-063a-4962-aae2-5736e89c2f25', '128', 'Charakter odběru: vytápění'),
       ('9947fbd9-e9c4-453d-9146-ddb5f5aea159', '45a2ffdb-063a-4962-aae2-5736e89c2f25', '129', 'Časovost odběru: pracovní den'),
       ('e4a4c285-1628-4254-8b78-aa678b2470d6', '45a2ffdb-063a-4962-aae2-5736e89c2f25', '130', 'Časovost odběru: so, ne'),
       ('c4330d98-11d3-4005-9d70-33c5d3d2e240', '45a2ffdb-063a-4962-aae2-5736e89c2f25', '1027', 'Stávající dodavatel'),
       ('101ac0f2-176c-4eb3-8664-9c88157f2a10', '45a2ffdb-063a-4962-aae2-5736e89c2f25', '141', 'Smlouva se stávajícím dodavatelem: doba neurčitá'),
       ('d3cb6d11-34f7-432d-a2dc-cc7bd71eead3', '45a2ffdb-063a-4962-aae2-5736e89c2f25', '140', 'Smlouva se stávajícím dodavatelem: doba určitá'),
       ('6b68175f-3b1c-4288-9f58-015e77b38c4b', '45a2ffdb-063a-4962-aae2-5736e89c2f25', '132', 'Smlouva se stávajícím dodavatelem: doba určitá do - den'),
       ('d5683fdb-9caa-4bf6-9d25-85c43b6cddfd', '45a2ffdb-063a-4962-aae2-5736e89c2f25', '139', 'Smlouva se stávajícím dodavatelem: doba určitá do - měsíc'),
       ('1a6fb302-37af-4bc9-960b-abc5ce199eb9', '45a2ffdb-063a-4962-aae2-5736e89c2f25', '131', 'Smlouva se stávajícím dodavatelem: doba určitá do - rok'),
       ('fb968674-649c-4837-9214-5389d6c2c3ce', '45a2ffdb-063a-4962-aae2-5736e89c2f25', '1025', 'Výpovědní lhůta se stávajícím dodavatelem: měsíce'),
       ('0e43d995-71ab-455a-9d32-a13d74079d7a', '45a2ffdb-063a-4962-aae2-5736e89c2f25', '1026', 'Výpovědní lhůta se stávajícím dodavatelem: dny'),
       ('07bc5b36-de55-41f2-b4a2-dce25d16ce82', '45a2ffdb-063a-4962-aae2-5736e89c2f25', '134', 'Zákazník stávající smlouv vypověděl sám datem: den'),
       ('fbff8190-2a36-4ef4-90ed-3dacd8c37507', '45a2ffdb-063a-4962-aae2-5736e89c2f25', '135', 'Zákazník stávající smlouv vypověděl sám datem: měsíc'),
       ('38e9d0f8-f143-4740-9433-7673b66389a2', '45a2ffdb-063a-4962-aae2-5736e89c2f25', '133', 'Zákazník stávající smlouv vypověděl sám datem: rok'),
       ('0bf14a0e-ef54-46f8-b11f-691415fcf901', '45a2ffdb-063a-4962-aae2-5736e89c2f25', '137', 'Předpokládaný termín zahájení dodávek: den'),
       ('f690f0c3-f77a-4e63-a3c7-50bed68e6ade', '45a2ffdb-063a-4962-aae2-5736e89c2f25', '138', 'Předpokládaný termín zahájení dodávek: měsíc'),
       ('c421fae1-2753-4c5c-9e0b-499b04b36a51', '45a2ffdb-063a-4962-aae2-5736e89c2f25', '136', 'Předpokládaný termín zahájení dodávek: rok'),
       ('12ade011-7f2b-4489-9187-ea0ae59bcff3', '45a2ffdb-063a-4962-aae2-5736e89c2f25', '157', 'Způsob plateb: inkaso'),
       ('36ef352f-df7d-479d-a8a3-a6c3e9ef4923', '45a2ffdb-063a-4962-aae2-5736e89c2f25', '146', 'Způsob plateb: SIPO'),
       ('3965ed47-d4e1-4427-a19f-ded06d3ffb20', '45a2ffdb-063a-4962-aae2-5736e89c2f25', '142', 'Způsob plateb: vlastní podnět'),
       ('9a2dc956-1cb4-4f9c-baff-5a7dfb84b4f1', '45a2ffdb-063a-4962-aae2-5736e89c2f25', '149', 'Plné číslo účtu'),
       ('09795e62-c122-4f75-80b8-1d28d0cf4093', '45a2ffdb-063a-4962-aae2-5736e89c2f25', '156', 'Spojovací číslo'),
       ('9ae46b95-6e38-4232-b25b-82bfc2c86d3a', '45a2ffdb-063a-4962-aae2-5736e89c2f25', '143', 'Způsob vrácení přeplatků: převod do dalšího období'),
       ('2df81aac-26a2-4bed-98a5-5da8ce68cefb', '45a2ffdb-063a-4962-aae2-5736e89c2f25', '144', 'Způsob vrácení přeplatků: převod na účet'),
       ('2811f940-a4ac-4cb7-ace1-c2b1a6283e18', '45a2ffdb-063a-4962-aae2-5736e89c2f25', '1028', 'Výše záloh'),
       ('1d2f696b-2e61-4790-8553-4264593d860d', '45a2ffdb-063a-4962-aae2-5736e89c2f25', '145', 'Zákaznický účet'),
       ('af203ea7-f021-4925-844f-11d4bba52bd2', '45a2ffdb-063a-4962-aae2-5736e89c2f25', '181', 'Termín požadovaných dokumentů: den'),
       ('9a9ba2c0-edbf-4e28-a7d4-e7e5f48b4ca7', '45a2ffdb-063a-4962-aae2-5736e89c2f25', '182', 'Termín požadovaných dokumentů: měsíc'),
       ('fc180c1a-38a0-463e-9982-1fa6156134ac', '45a2ffdb-063a-4962-aae2-5736e89c2f25', '180', 'Termín požadovaných dokumentů: rok'),
       ('34f5bdb9-5f70-4fb0-a9d7-93122db83b64', '45a2ffdb-063a-4962-aae2-5736e89c2f25', '150', 'Datum podpisu za obchodníka'),
       ('df564895-bd5d-4e63-9c20-3ae9c5ee758a', '45a2ffdb-063a-4962-aae2-5736e89c2f25', '151', 'Datum a místo podpisu za zákazníka'),
       ('e1d19dca-82e4-4b44-9e99-4d0a6760e0dd', '45a2ffdb-063a-4962-aae2-5736e89c2f25', '148', 'Jméno a přijmení u podpisu')
ON CONFLICT DO NOTHING;
;-- -. . -..- - / . -. - .-. -.--
INSERT INTO dynamic_template_api_field (id, dynamic_template_id, name, type, content_category, fill_instructions)
VALUES ('45be18e8-d02b-451b-98ad-9a516f78c194', '45a2ffdb-063a-4962-aae2-5736e89c2f25', 'cezCampaign', 'TEXT', 'STANDARD', '{
  "templateFieldId": "bd15364d-c296-4da7-9b4d-b9d6cbcb66ba"
}'),
       ('e1f4e697-40e4-44ca-b075-74f3f24ca272', '45a2ffdb-063a-4962-aae2-5736e89c2f25', 'cezIdz', 'TEXT', 'STANDARD', '{
         "templateFieldId": "a44e7d41-a965-4414-af7c-5489a501a21d"
       }'),
       ('c9314911-8ca8-4bb0-bef0-10f2271593d8', '45a2ffdb-063a-4962-aae2-5736e89c2f25', 'cezOzCertification', 'TEXT', 'STANDARD', '{
         "templateFieldId": "b5ed633a-83c4-48a1-a60f-eb8825a23765"
       }'),
       ('9de6a9ad-ae08-4c23-bba8-fb2f1d6ffff3', '45a2ffdb-063a-4962-aae2-5736e89c2f25', 'fullName', 'CLONED_TEXT', 'STANDARD', '{
         "clones": [
           {
             "templateFieldId": "7b380fb4-47bb-4068-9fd6-0203968bd707"
           },
           {
             "templateFieldId": "e1d19dca-82e4-4b44-9e99-4d0a6760e0dd"
           }
         ]
       }'),
       ('097154ed-97ac-4c06-9564-5294513aef5d', '45a2ffdb-063a-4962-aae2-5736e89c2f25', 'birthDate', 'DATE', 'STANDARD', '{
         "dayTemplateFieldId": "2939c35d-8f78-4f5f-b593-3fdec40117a3",
         "monthTemplateFieldId": "37dbbd35-2273-45ee-83fb-6d46ac779f7c",
         "yearTemplateFieldId": "0576005b-5e57-4969-b195-47b0680317dc"
       }'),
       ('0fe28e03-0774-40da-9585-b90f325ee5a0', '45a2ffdb-063a-4962-aae2-5736e89c2f25', 'permanentAddressStreet', 'TEXT', 'STANDARD', '{
         "templateFieldId": "a5e289c4-38fa-420c-b24f-06ebe7baee0d"
       }'),
       ('77ee4765-1901-46c4-9334-24f3a82964e8', '45a2ffdb-063a-4962-aae2-5736e89c2f25', 'permanentAddressFullNumber', 'TEXT', 'STANDARD', '{
         "templateFieldId": "dffd790c-d3bc-46a4-a065-bee52e923e4f"
       }'),
       ('64fd0400-4c4f-4aa7-adb2-fa7ba8befba7', '45a2ffdb-063a-4962-aae2-5736e89c2f25', 'permanentAddressZipCode', 'TEXT', 'STANDARD', '{
         "templateFieldId": "88572f03-9f3d-4153-b2ed-9e78086ff598"
       }'),
       ('8c45d110-3d96-4f28-9d95-c5e944b8b857', '45a2ffdb-063a-4962-aae2-5736e89c2f25', 'permanentAddressCity', 'TEXT', 'STANDARD', '{
         "templateFieldId": "8f8b3cf2-8e9a-4cb4-b6bc-07f58e6a1206"
       }'),
       ('2619707a-b3fa-4d38-b608-40784bc3220a', '45a2ffdb-063a-4962-aae2-5736e89c2f25', 'permanentAddressFullCityPart', 'TEXT', 'STANDARD', '{
         "templateFieldId": "15c0f61c-6635-4cca-822b-5058de0ba0d1"
       }'),
       ('829a1a88-eab9-4a8c-a17b-338f7637f0ad', '45a2ffdb-063a-4962-aae2-5736e89c2f25', 'deliveryAddressDifferent', 'DATA_HOLDER', 'STANDARD', '{}'),
       ('55f90701-3b13-4072-95ec-b17017c98732', '45a2ffdb-063a-4962-aae2-5736e89c2f25', 'deliveryAddressStreet', 'TEXT', 'STANDARD', '{
         "templateFieldId": "0af6bba1-cf13-4b2f-a399-efc49f39f0e3",
         "skipIfValueOf": [
           {
             "apiFieldId": "829a1a88-eab9-4a8c-a17b-338f7637f0ad",
             "is": false
           }
         ]
       }'),
       ('0932f24f-f8a5-44b7-af74-802eb793aecd', '45a2ffdb-063a-4962-aae2-5736e89c2f25', 'deliveryAddressFullNumber', 'TEXT', 'STANDARD', '{
         "templateFieldId": "87a69b22-d062-40a8-9cb4-25e0171736e7",
         "skipIfValueOf": [
           {
             "apiFieldId": "829a1a88-eab9-4a8c-a17b-338f7637f0ad",
             "is": false
           }
         ]
       }'),
       ('ea7846e5-6564-4ce4-9fef-abad5fd8d0f0', '45a2ffdb-063a-4962-aae2-5736e89c2f25', 'deliveryAddressZipCode', 'TEXT', 'STANDARD', '{
         "templateFieldId": "20f766c7-d763-4aa2-8265-234ba004a0a7",
         "skipIfValueOf": [
           {
             "apiFieldId": "829a1a88-eab9-4a8c-a17b-338f7637f0ad",
             "is": false
           }
         ]
       }'),
       ('bc4f0107-2ca6-444b-8517-ee58bfb53732', '45a2ffdb-063a-4962-aae2-5736e89c2f25', 'deliveryAddressCity', 'TEXT', 'STANDARD', '{
         "templateFieldId": "d3e8b632-1622-4a49-8295-248fd26dc00e",
         "skipIfValueOf": [
           {
             "apiFieldId": "829a1a88-eab9-4a8c-a17b-338f7637f0ad",
             "is": false
           }
         ]
       }'),
       ('c4bfc3f9-0ce8-4ac3-9422-68acba5b578c', '45a2ffdb-063a-4962-aae2-5736e89c2f25', 'deliveryAddressFullCityPart', 'TEXT', 'STANDARD', '{
         "templateFieldId": "2cb7da69-56e4-449b-92be-0e3219ca8f79",
         "skipIfValueOf": [
           {
             "apiFieldId": "829a1a88-eab9-4a8c-a17b-338f7637f0ad",
             "is": false
           }
         ]
       }'),
       ('4d6b4924-0418-4912-8ac4-1acd71b959d4', '45a2ffdb-063a-4962-aae2-5736e89c2f25', 'emailAddress', 'TEXT', 'STANDARD', '{
         "templateFieldId": "552821d4-2535-45b7-9694-533ec39e04ee"
       }'),
       ('0d52ff0d-9921-4a6b-8d53-1d264493d6e8', '45a2ffdb-063a-4962-aae2-5736e89c2f25', 'phoneNumber', 'TEXT', 'STANDARD', '{
         "templateFieldId": "bb6aa188-9d55-46ba-aeab-89fb40fe7b82"
       }'),
       ('5257f5ed-5b57-4434-97cd-63175edc6911', '45a2ffdb-063a-4962-aae2-5736e89c2f25', 'consumptionPointAddressStreet', 'TEXT', 'STANDARD', '{
         "templateFieldId": "877b3f90-00ee-4353-af5a-cf4e57b50b07"
       }'),
       ('5a338f91-9fba-4848-b88f-7faa054b83a6', '45a2ffdb-063a-4962-aae2-5736e89c2f25', 'consumptionPointAddressFullNumber', 'TEXT', 'STANDARD', '{
         "templateFieldId": "27ff2db6-2535-4167-8be5-3f16cd0a36f6"
       }'),
       ('6527a619-a637-4bf8-a965-c781a6c0769d', '45a2ffdb-063a-4962-aae2-5736e89c2f25', 'consumptionPointAddressZipCode', 'TEXT', 'STANDARD', '{
         "templateFieldId": "a996ac46-bda5-47a8-9662-691f63c83900"
       }'),
       ('a0b8a8e4-11fd-4abc-9ca8-83dcc9e654b4', '45a2ffdb-063a-4962-aae2-5736e89c2f25', 'consumptionPointAddressCity', 'TEXT', 'STANDARD', '{
         "templateFieldId": "fc7084fa-c9c9-4f04-b0fe-256acdd68143"
       }'),
       ('2233a0dd-8454-478f-b087-7ec077c1a075', '45a2ffdb-063a-4962-aae2-5736e89c2f25', 'consumptionPointAddressFullCityPart', 'TEXT', 'STANDARD', '{
         "templateFieldId": "efa6b926-991a-4a9c-8592-48d60e515e97"
       }'),
       ('68fe8fb0-8da6-47eb-8ec4-1aa7455142f9', '45a2ffdb-063a-4962-aae2-5736e89c2f25', 'floorNumber', 'TEXT', 'STANDARD', '{
         "templateFieldId": "61cdc622-1a51-4eb3-9737-176a4a1e55fb"
       }'),
       ('684cd248-57de-45c6-a66a-a77c04a7eab6', '45a2ffdb-063a-4962-aae2-5736e89c2f25', 'apartmentNumber', 'TEXT', 'STANDARD', '{
         "templateFieldId": "e558a7c9-5717-4bb3-a05f-42a404401dc7"
       }'),
       ('da34543b-6a3a-4b4a-aaa4-f93164c8b23a', '45a2ffdb-063a-4962-aae2-5736e89c2f25', 'customerRelationToConsumptionPoint', 'RADIO', 'STANDARD', '{
         "templateFieldIds": {
           "OWNER": "e77e4de7-e7cf-4d39-9a66-329f12ddce9a",
           "TENANT": "ca6b0587-4458-4200-9c44-1019e3441185"
         }
       }'),
       ('d324dd19-38a7-420e-b7c8-90794485faa4', '45a2ffdb-063a-4962-aae2-5736e89c2f25', 'yearlyConsumptionKwh', 'TEXT', 'STANDARD', '{
         "templateFieldId": "20136813-f624-4ef1-9147-9ba046556e76"
       }'),
       ('a9148ca8-e656-41a7-aca7-23b388c4dcbc', '45a2ffdb-063a-4962-aae2-5736e89c2f25', 'gasMeterSerialNumber', 'TEXT', 'STANDARD', '{
         "templateFieldId": "99ea3300-610a-4190-b0fb-b8c48baac39b"
       }'),
       ('ed21b526-e4f6-48c3-afbb-5a9077710fd5', '45a2ffdb-063a-4962-aae2-5736e89c2f25', 'eic', 'TEXT', 'STANDARD', '{
         "templateFieldId": "a22b0d96-7f74-40ba-b9f0-666eefb2a45d"
       }'),
       ('0d220c5d-fabe-406e-a4ec-bdb44b1f7871', '45a2ffdb-063a-4962-aae2-5736e89c2f25', 'arrangedGasUsage', 'MULTI_RADIO', 'STANDARD', '{
         "templateFieldIds": {
           "COOKING": "421e0585-3769-4274-ab31-f2a8a9727f7c",
           "WATER_BOILER": "849e3a9e-b40f-4884-aeac-83d29825dec5",
           "HEATING": "625e4697-5818-4e96-8e99-d4dc891dc09e"
         }
       }'),
       ('0bcc44f5-6b6c-4e06-b9bc-54e2810d95e5', '45a2ffdb-063a-4962-aae2-5736e89c2f25', 'consumptionSchedule', 'MULTI_RADIO', 'STANDARD', '{
         "templateFieldIds": {
           "WORKING_DAYS": "9947fbd9-e9c4-453d-9146-ddb5f5aea159",
           "WEEKENDS": "e4a4c285-1628-4254-8b78-aa678b2470d6"
         }
       }'),
       ('d47bef3f-059f-4fea-97bf-8df75bd8bb1e', '45a2ffdb-063a-4962-aae2-5736e89c2f25', 'currentProvider', 'TEXT', 'STANDARD', '{
         "templateFieldId": "c4330d98-11d3-4005-9d70-33c5d3d2e240"
       }'),
       ('a241c4f5-814a-4c06-8c9c-cdff25506590', '45a2ffdb-063a-4962-aae2-5736e89c2f25', 'currentProviderContractIndefinite', 'RADIO', 'STANDARD', '{
         "templateFieldIds": {
           "true": "101ac0f2-176c-4eb3-8664-9c88157f2a10",
           "false": "d3cb6d11-34f7-432d-a2dc-cc7bd71eead3"
         }
       }'),
       ('caf8032c-f0f5-4513-b374-350cc70b42ad', '45a2ffdb-063a-4962-aae2-5736e89c2f25', 'currentProviderDefiniteContractEndDate', 'DATE', 'STANDARD', '{
         "dayTemplateFieldId": "6b68175f-3b1c-4288-9f58-015e77b38c4b",
         "monthTemplateFieldId": "d5683fdb-9caa-4bf6-9d25-85c43b6cddfd",
         "yearTemplateFieldId": "1a6fb302-37af-4bc9-960b-abc5ce199eb9"
       }'),
       ('16674a97-6d96-456c-9851-f3fb82faa57f', '45a2ffdb-063a-4962-aae2-5736e89c2f25', 'currentProviderContractIndefiniteEndPeriodUnit', 'DATA_HOLDER', 'STANDARD', '{}'),
       ('128e3a91-3e2d-46d6-997f-91a9b1bf029a', '45a2ffdb-063a-4962-aae2-5736e89c2f25', 'currentProviderContractIndefiniteEndPeriodLength', 'CLONED_TEXT', 'STANDARD', '{
         "clones": [
           {
             "templateFieldId": "fb968674-649c-4837-9214-5389d6c2c3ce",
             "skipIfValueOf": [
               {
                 "apiFieldId": "16674a97-6d96-456c-9851-f3fb82faa57f",
                 "isOtherThan": "MONTHS"
               }
             ]
           },
           {
             "templateFieldId": "0e43d995-71ab-455a-9d32-a13d74079d7a",
             "skipIfValueOf": [
               {
                 "apiFieldId": "16674a97-6d96-456c-9851-f3fb82faa57f",
                 "isOtherThan": "DAYS"
               }
             ]
           }
         ]
       }'),
       ('64191997-c706-4f7a-b81d-23e7f9fadd69', '45a2ffdb-063a-4962-aae2-5736e89c2f25', 'customerTerminationDate', 'DATE', 'STANDARD', '{
         "dayTemplateFieldId": "07bc5b36-de55-41f2-b4a2-dce25d16ce82",
         "monthTemplateFieldId": "fbff8190-2a36-4ef4-90ed-3dacd8c37507",
         "yearTemplateFieldId": "38e9d0f8-f143-4740-9433-7673b66389a2"
       }'),
       ('6ded425a-fea0-4ca8-bf45-73acd8d340b2', '45a2ffdb-063a-4962-aae2-5736e89c2f25', 'deliveryStartDate', 'DATE', 'STANDARD', '{
         "dayTemplateFieldId": "0bf14a0e-ef54-46f8-b11f-691415fcf901",
         "monthTemplateFieldId": "f690f0c3-f77a-4e63-a3c7-50bed68e6ade",
         "yearTemplateFieldId": "c421fae1-2753-4c5c-9e0b-499b04b36a51"
       }'),
       ('a332d128-2ab5-44c3-b790-7b6ea1b2b69d', '45a2ffdb-063a-4962-aae2-5736e89c2f25', 'depositPaymentType', 'RADIO', 'STANDARD', '{
         "templateFieldIds": {
           "DIRECT_DEBIT": "12ade011-7f2b-4489-9187-ea0ae59bcff3",
           "SIPO": "36ef352f-df7d-479d-a8a3-a6c3e9ef4923",
           "PAYMENT_ORDER": "3965ed47-d4e1-4427-a19f-ded06d3ffb20"
         }
       }'),
       ('91f8c619-48f1-491c-be2d-99f69ca4b1db', '45a2ffdb-063a-4962-aae2-5736e89c2f25', 'fullBankAccount', 'TEXT', 'STANDARD', '{
         "templateFieldId": "9a2dc956-1cb4-4f9c-baff-5a7dfb84b4f1"
       }'),
       ('1a828251-a693-4c10-bf6f-c36652ebd2ff', '45a2ffdb-063a-4962-aae2-5736e89c2f25', 'sipoNumber', 'TEXT', 'STANDARD', '{
         "templateFieldId": "09795e62-c122-4f75-80b8-1d28d0cf4093"
       }'),
       ('429d76bf-9d95-42ac-b4e3-f390c8fc4d89', '45a2ffdb-063a-4962-aae2-5736e89c2f25', 'depositRefundType', 'RADIO', 'STANDARD', '{
         "templateFieldIds": {
           "DEPOSIT_TRANSFER": "9ae46b95-6e38-4232-b25b-82bfc2c86d3a",
           "BANK_TRANSFER": "2df81aac-26a2-4bed-98a5-5da8ce68cefb"
         }
       }'),
       ('908edda6-2b1e-4f74-b008-c13a3377c6f0', '45a2ffdb-063a-4962-aae2-5736e89c2f25', 'depositAmount', 'MONEY', 'STANDARD', '{
         "templateFieldId": "2811f940-a4ac-4cb7-ace1-c2b1a6283e18",
         "includeCurrency": false
       }'),
       ('b6727531-cde5-491c-b4ee-e78b1051c9d0', '45a2ffdb-063a-4962-aae2-5736e89c2f25', 'providerClientZoneAccount', 'BOOLEAN', 'STANDARD', '{
         "templateFieldId": "1d2f696b-2e61-4790-8553-4264593d860d"
       }'),
       ('7e18611a-10fb-4413-bf68-cd6946b0cf4a', '45a2ffdb-063a-4962-aae2-5736e89c2f25', 'documentsDeliveryDueDate', 'DATE', 'STANDARD', '{
         "dayTemplateFieldId": "af203ea7-f021-4925-844f-11d4bba52bd2",
         "monthTemplateFieldId": "9a9ba2c0-edbf-4e28-a7d4-e7e5f48b4ca7",
         "yearTemplateFieldId": "fc180c1a-38a0-463e-9982-1fa6156134ac"
       }'),
       ('ddf6ef47-72ef-423b-8e66-b59f6c3f613a', '45a2ffdb-063a-4962-aae2-5736e89c2f25', 'providerSignatureDate', 'TEXT', 'SIGNATURE_DATE', '{
         "templateFieldId": "34f5bdb9-5f70-4fb0-a9d7-93122db83b64"
       }'),
       ('a2f52eb9-0e3b-4976-94c2-a503c9673928', '45a2ffdb-063a-4962-aae2-5736e89c2f25', 'customerSignatureDateAndPlace', 'TEXT', 'SIGNATURE_DATE_AND_PLACE', '{
         "templateFieldId": "df564895-bd5d-4e63-9c20-3ae9c5ee758a"
       }')
ON CONFLICT DO NOTHING;
;-- -. . -..- - / . -. - .-. -.--
INSERT INTO dynamic_template_signature(id, dynamic_template_id, page, x_coordinate, y_coordinate, width, height)
VALUES ('099c2aaa-3a25-4bf4-8681-13f72e9f6c4e', '45a2ffdb-063a-4962-aae2-5736e89c2f25', 1, 410, 150, 300, 55)
ON CONFLICT DO NOTHING;
;-- -. . -..- - / . -. - .-. -.--
INSERT INTO dynamic_template_signature(id, dynamic_template_id, page, x_coordinate, y_coordinate, width, height)
VALUES ('099c2aaa-3a25-4bf4-8681-13f72e9f6c4e', '45a2ffdb-063a-4962-aae2-5736e89c2f25', 1, 50, -10, 300, 55);
;-- -. . -..- - / . -. - .-. -.--
DO NOTHING;
;-- -. . -..- - / . -. - .-. -.--
delete from dynamic_template_signature
    where id = '099c2aaa-3a25-4bf4-8681-13f72e9f6c4e';
;-- -. . -..- - / . -. - .-. -.--
INSERT INTO dynamic_template_signature(id, dynamic_template_id, page, x_coordinate, y_coordinate, width, height)
VALUES ('099c2aaa-3a25-4bf4-8681-13f72e9f6c4e', '45a2ffdb-063a-4962-aae2-5736e89c2f25', 1, 50, -10, 300, 55)
ON CONFLICT DO NOTHING;
;-- -. . -..- - / . -. - .-. -.--
select * from dynamic_template_signature
    where id = '099c2aaa-3a25-4bf4-8681-13f72e9f6c4e';
;-- -. . -..- - / . -. - .-. -.--
INSERT INTO file_info (id, path, owner_id, original_file_name, content_type, size_in_bytes)
VALUES ('14291f2e-a5d2-47e4-8a74-81b3837730a6', '/static-files/templates', 'rixo-file-storage', 'gas-yello-general-1-year-contract.pdf', 'application/pdf', 612859)
ON CONFLICT DO NOTHING;
;-- -. . -..- - / . -. - .-. -.--
INSERT INTO static_file (id, file_info_id, name, result_file_name, backoffice_name)
VALUES ('1b4b5719-0b45-4279-bc7d-4510767ea109', '14291f2e-a5d2-47e4-8a74-81b3837730a6', 'gas-yello-general-1-year-contract.pdf', 'Smlouva', 'Plyn Yello: smlouva na 1 rok')
ON CONFLICT DO NOTHING;
;-- -. . -..- - / . -. - .-. -.--
INSERT INTO dynamic_template (id, static_file_id, fonts)
VALUES ('0fbe2072-fb7e-4d06-9abb-a176e533081e', '1b4b5719-0b45-4279-bc7d-4510767ea109', '{
  "ArialMT": "Roboto-Regular",
  "Helv": "Roboto-Regular",
  "ZaDb": "Roboto-Regular"
}')
ON CONFLICT DO NOTHING;
;-- -. . -..- - / . -. - .-. -.--
INSERT INTO dynamic_template_field(id, dynamic_template_id, name, backoffice_name)
VALUES ('1c14f9ce-16ee-4fb5-80c3-8b26df4fb199', '0fbe2072-fb7e-4d06-9abb-a176e533081e', 'Textové pole147', 'Číslo smlouvy'),
       ('de0fcd2c-aea6-4c2d-bb59-9d88ee43592c', '0fbe2072-fb7e-4d06-9abb-a176e533081e', 'YID', 'YID'),
       ('0d984e2f-0075-4c79-9f8a-257e2420c38e', '0fbe2072-fb7e-4d06-9abb-a176e533081e', 'Zaškrtávací pole 21', 'Oslovení: pan'),
       ('1af937ca-e8d5-4802-8379-a404f2614bba', '0fbe2072-fb7e-4d06-9abb-a176e533081e', 'Zaškrtávací pole 27', 'Oslovení: paní'),
       ('575055d4-4048-456b-8ecd-933ef5d25357', '0fbe2072-fb7e-4d06-9abb-a176e533081e', 'Textové pole140', 'Jméno a přijmení'),
       ('9f362ee7-2ac5-4865-899e-3476f65dc340', '0fbe2072-fb7e-4d06-9abb-a176e533081e', 'Textové pole143', 'Datum narození'),
       ('f04b74f6-c1e0-4a2b-81cb-a57c6ab63386', '0fbe2072-fb7e-4d06-9abb-a176e533081e', 'Textové pole142', 'Adresa trvalého pobytu: ulice'),
       ('51a29bf2-c929-4345-b6a7-17f68f77fc19', '0fbe2072-fb7e-4d06-9abb-a176e533081e', 'Textové pole145', 'Adresa trvalého pobytu: město'),
       ('e954da9a-83a8-4820-a424-a837ecd676b5', '0fbe2072-fb7e-4d06-9abb-a176e533081e', 'Textové pole149', 'Adresa trvalého pobytu: PSČ'),
       ('aa7a46ca-ca60-48ff-9084-21aefdc77df6', '0fbe2072-fb7e-4d06-9abb-a176e533081e', 'Textové pole141', 'E-mailová adresa'),
       ('f6ffad7a-2bb2-4c8c-a095-cc1e04c149a4', '0fbe2072-fb7e-4d06-9abb-a176e533081e', 'Textové pole144', 'Telefonní číslo'),
       ('90a5a0fe-9a69-456b-afbf-3f0064ba422c', '0fbe2072-fb7e-4d06-9abb-a176e533081e', 'Zaškrtávací pole 28', 'PDF faktury'),
       ('e3e609ad-79b0-4e96-833f-c1dad2099c1d', '0fbe2072-fb7e-4d06-9abb-a176e533081e', 'Textové pole150', 'Korespondenční adresa: ulice'),
       ('7a4e547d-6b06-4c1c-9275-2d18910e1611', '0fbe2072-fb7e-4d06-9abb-a176e533081e', 'Textové pole151', 'Korespondenční adresa: město'),
       ('bf6c5475-e81e-4c5a-acd4-7accc5afa76f', '0fbe2072-fb7e-4d06-9abb-a176e533081e', 'Textové pole152', 'Korespondenční adresa: PSČ'),
       ('8098f4c9-4db5-43b9-98c6-2ab6f18138ed', '0fbe2072-fb7e-4d06-9abb-a176e533081e', 'Textové pole153', 'Současný dodavatel'),
       ('755e1fbd-a94d-4248-89b8-60b4ce11cf99', '0fbe2072-fb7e-4d06-9abb-a176e533081e', 'Textové pole154', 'Výpovědní doba u stávající smlouvy'),
       ('09b57b0f-48f1-4cb6-92ac-7dfaa862a498', '0fbe2072-fb7e-4d06-9abb-a176e533081e', 'Zaškrtávací pole 35', 'Způsob užití: vaření'),
       ('f8f8441f-b6f7-4769-a6e4-ec52ab97f6fc', '0fbe2072-fb7e-4d06-9abb-a176e533081e', 'Zaškrtávací pole 36', 'Způsob užití: topení'),
       ('522be948-df75-46d3-af01-903b204e6f24', '0fbe2072-fb7e-4d06-9abb-a176e533081e', 'Zaškrtávací pole 37', 'Způsob užití: ohřev vody'),
       ('58dc0497-17d3-4901-b0ca-15def8e708cd', '0fbe2072-fb7e-4d06-9abb-a176e533081e', 'Textové pole156', 'EIC'),
       ('71eda372-5029-409b-a5df-f83342c6a1d1', '0fbe2072-fb7e-4d06-9abb-a176e533081e', 'Textové pole155', 'Roční spotřeba'),
       ('33a0a478-9601-4b30-8190-caabd62ff038', '0fbe2072-fb7e-4d06-9abb-a176e533081e', 'Textové pole157', 'Adresa odběrného místa: ulice'),
       ('e68775f1-8778-48be-bb48-71b1d0da16bf', '0fbe2072-fb7e-4d06-9abb-a176e533081e', 'Textové pole158', 'Adresa odběrného místa: město'),
       ('6ecb72af-ef9f-40b6-82b7-b60fe28ef2d3', '0fbe2072-fb7e-4d06-9abb-a176e533081e', 'Textové pole101', 'Adresa odběrného místa: PSČ'),
       ('95a992a8-02be-4bf1-b0fa-d2872601df62', '0fbe2072-fb7e-4d06-9abb-a176e533081e', 'Zaškrtávací pole 38', 'Frekvence placení záloh: měsíčně'),
       ('770898d8-0e30-4af4-9076-e767a74b546c', '0fbe2072-fb7e-4d06-9abb-a176e533081e', 'Zaškrtávací pole 40', 'Frekvence placení záloh: čtvrtletně'),
       ('717420b4-3fef-4729-a47f-a1e9354e6ebe', '0fbe2072-fb7e-4d06-9abb-a176e533081e', 'Textové pole102', 'Výše záloh'),
       ('7d3fa718-157e-4201-b993-9608a3442418', '0fbe2072-fb7e-4d06-9abb-a176e533081e', 'Zaškrtávací pole 39', 'Způsob platby záloh: inkaso'),
       ('a4729993-4069-4dcc-997e-9d90883ac87b', '0fbe2072-fb7e-4d06-9abb-a176e533081e', 'Zaškrtávací pole 41', 'Způsob platby záloh: bankovní převod'),
       ('4f2525c1-fdc5-4285-b995-717aa89baad6', '0fbe2072-fb7e-4d06-9abb-a176e533081e', 'Zaškrtávací pole 42', 'Způsob platby záloh: SIPO'),
       ('602e2374-fe93-40bd-a9f4-7f76db0e9db7', '0fbe2072-fb7e-4d06-9abb-a176e533081e', 'Textové pole103', 'Číslo SIPO'),
       ('46800321-4f54-4a5c-995b-f995532b5af2', '0fbe2072-fb7e-4d06-9abb-a176e533081e', 'Zaškrtávací pole 44', 'Vracení přeplatků: ano'),
       ('16ee0505-430c-4360-9aee-070ed82499f5', '0fbe2072-fb7e-4d06-9abb-a176e533081e', 'Zaškrtávací pole 43', 'Vracení přeplatků: ne'),
       ('eeddae46-8325-4b8d-b88f-f51fb29592de', '0fbe2072-fb7e-4d06-9abb-a176e533081e', 'Textové pole104', 'Číslo účtu pro vracení přeplatků'),
       ('eaa85b47-ab40-4ad8-b052-e3e025f81a70', '0fbe2072-fb7e-4d06-9abb-a176e533081e', 'Textové pole105', 'Produkt'),
       ('8b0a7f95-5805-467d-8277-52080ea886f6', '0fbe2072-fb7e-4d06-9abb-a176e533081e', 'Textové pole106', 'Cena bez DPH'),
       ('0c1b292f-a934-4cee-ac4a-e8ca35b52e67', '0fbe2072-fb7e-4d06-9abb-a176e533081e', 'Textové pole107', 'Cena s DPH'),
       ('8c910ef4-5ab8-4b1e-9897-ae3b540f7bbe', '0fbe2072-fb7e-4d06-9abb-a176e533081e', 'Textové pole108', 'Zálohy bez DPH'),
       ('874bf24e-7496-423c-a62d-09d5a25068e5', '0fbe2072-fb7e-4d06-9abb-a176e533081e', 'Textové pole109', 'Zálohy s DPH'),
       ('4a4db3e2-9663-4750-a14e-9b9f0b0e6c5c', '0fbe2072-fb7e-4d06-9abb-a176e533081e', 'Textové pole160', 'Datum podpisu')
ON CONFLICT DO NOTHING;
;-- -. . -..- - / . -. - .-. -.--
INSERT INTO dynamic_template_api_field (id, dynamic_template_id, name, type, content_category, fill_instructions)
VALUES ('64f53d0f-80c7-4011-a387-d75289fff21c', '0fbe2072-fb7e-4d06-9abb-a176e533081e', 'contractNumber', 'TEXT', 'STANDARD', '{
  "templateFieldId": "1c14f9ce-16ee-4fb5-80c3-8b26df4fb199"
}'),
       ('580a85fc-570c-443f-a089-9df8cb1e9e54', '0fbe2072-fb7e-4d06-9abb-a176e533081e', 'yid', 'TEXT', 'STANDARD', '{
         "templateFieldId": "de0fcd2c-aea6-4c2d-bb59-9d88ee43592c"
       }'),
       ('72d56750-c63e-42bb-8ce5-bd1ba1845aaa', '0fbe2072-fb7e-4d06-9abb-a176e533081e', 'addressing', 'RADIO', 'STANDARD', '{
         "templateFieldIds": {
           "MR": "0d984e2f-0075-4c79-9f8a-257e2420c38e",
           "MRS": "1af937ca-e8d5-4802-8379-a404f2614bba"
         }
       }'),
       ('297deceb-c761-4a52-9c73-a0a577168894', '0fbe2072-fb7e-4d06-9abb-a176e533081e', 'fullName', 'TEXT', 'STANDARD', '{
         "templateFieldId": "575055d4-4048-456b-8ecd-933ef5d25357"
       }'),
       ('5d3f2bff-a16b-48e5-8857-7b3e0c3d7c2a', '0fbe2072-fb7e-4d06-9abb-a176e533081e', 'birthDate', 'TEXT', 'STANDARD', '{
         "templateFieldId": "9f362ee7-2ac5-4865-899e-3476f65dc340"
       }'),
       ('ba341840-f1ff-4f30-b04d-2edce8189351', '0fbe2072-fb7e-4d06-9abb-a176e533081e', 'permanentAddressStreet', 'TEXT', 'STANDARD', '{
         "templateFieldId": "f04b74f6-c1e0-4a2b-81cb-a57c6ab63386"
       }'),
       ('9ec22eab-c800-42f7-a9dc-4954416bba6f', '0fbe2072-fb7e-4d06-9abb-a176e533081e', 'permanentAddressCity', 'TEXT', 'STANDARD', '{
         "templateFieldId": "51a29bf2-c929-4345-b6a7-17f68f77fc19"
       }'),
       ('9f73d088-f359-4c73-8298-32968b243c56', '0fbe2072-fb7e-4d06-9abb-a176e533081e', 'permanentAddressZipCode', 'TEXT', 'STANDARD', '{
         "templateFieldId": "e954da9a-83a8-4820-a424-a837ecd676b5"
       }'),
       ('98f3b972-e55a-48ed-beff-37f78f0a9e62', '0fbe2072-fb7e-4d06-9abb-a176e533081e', 'deliveryAddressDifferent', 'DATA_HOLDER', 'STANDARD', '{}'),
       ('239ad693-2e39-4b7b-a024-2d5d959831a2', '0fbe2072-fb7e-4d06-9abb-a176e533081e', 'deliveryAddressStreet', 'TEXT', 'STANDARD', '{
         "templateFieldId": "e3e609ad-79b0-4e96-833f-c1dad2099c1d",
         "skipIfValueOf": [
           {
             "apiFieldId": "98f3b972-e55a-48ed-beff-37f78f0a9e62",
             "is": false
           }
         ]
       }'),
       ('deab1441-21af-40b8-9fbc-e434afa25f41', '0fbe2072-fb7e-4d06-9abb-a176e533081e', 'deliveryAddressCity', 'TEXT', 'STANDARD', '{
         "templateFieldId": "7a4e547d-6b06-4c1c-9275-2d18910e1611",
         "skipIfValueOf": [
           {
             "apiFieldId": "98f3b972-e55a-48ed-beff-37f78f0a9e62",
             "is": false
           }
         ]
       }'),
       ('9fbba56b-4d92-435e-9ce9-cf030db4ea65', '0fbe2072-fb7e-4d06-9abb-a176e533081e', 'deliveryAddressZipCode', 'TEXT', 'STANDARD', '{
         "templateFieldId": "bf6c5475-e81e-4c5a-acd4-7accc5afa76f",
         "skipIfValueOf": [
           {
             "apiFieldId": "98f3b972-e55a-48ed-beff-37f78f0a9e62",
             "is": false
           }
         ]
       }'),
       ('fb438f4f-3339-4af0-b1ba-f000520b87d1', '0fbe2072-fb7e-4d06-9abb-a176e533081e', 'consumptionPointAddressDifferent', 'DATA_HOLDER', 'STANDARD', '{}'),
       ('90ac23b7-6985-41ba-82a9-90a858d5f032', '0fbe2072-fb7e-4d06-9abb-a176e533081e', 'consumptionPointAddressStreet', 'TEXT', 'STANDARD', '{
         "templateFieldId": "33a0a478-9601-4b30-8190-caabd62ff038",
         "skipIfValueOf": [
           {
             "apiFieldId": "fb438f4f-3339-4af0-b1ba-f000520b87d1",
             "is": false
           }
         ]
       }'),
       ('6f6e5e70-503c-40bd-8484-45c717ddaae0', '0fbe2072-fb7e-4d06-9abb-a176e533081e', 'consumptionPointAddressCity', 'TEXT', 'STANDARD', '{
         "templateFieldId": "e68775f1-8778-48be-bb48-71b1d0da16bf",
         "skipIfValueOf": [
           {
             "apiFieldId": "fb438f4f-3339-4af0-b1ba-f000520b87d1",
             "is": false
           }
         ]
       }'),
       ('006a3631-a834-4a4a-b566-abe11cca2c93', '0fbe2072-fb7e-4d06-9abb-a176e533081e', 'consumptionPointAddressZipCode', 'TEXT', 'STANDARD', '{
         "templateFieldId": "6ecb72af-ef9f-40b6-82b7-b60fe28ef2d3",
         "skipIfValueOf": [
           {
             "apiFieldId": "fb438f4f-3339-4af0-b1ba-f000520b87d1",
             "is": false
           }
         ]
       }'),
       ('46070b6e-c406-4094-8aa5-3b7971ef1511', '0fbe2072-fb7e-4d06-9abb-a176e533081e', 'emailAddress', 'TEXT', 'STANDARD', '{
         "templateFieldId": "aa7a46ca-ca60-48ff-9084-21aefdc77df6"
       }'),
       ('5ae2fdcb-8129-4926-a840-64522181c83f', '0fbe2072-fb7e-4d06-9abb-a176e533081e', 'phoneNumber', 'TEXT', 'STANDARD', '{
         "templateFieldId": "f6ffad7a-2bb2-4c8c-a095-cc1e04c149a4"
       }'),
       ('fa2c0b17-5a34-43a3-a829-b5684f5cfa89', '0fbe2072-fb7e-4d06-9abb-a176e533081e', 'pdfInvoice', 'BOOLEAN', 'STANDARD', '{
         "templateFieldId": "90a5a0fe-9a69-456b-afbf-3f0064ba422c"
       }'),
       ('75737c7e-d544-4071-9b63-e8f0f0174509', '0fbe2072-fb7e-4d06-9abb-a176e533081e', 'currentProvider', 'TEXT', 'STANDARD', '{
         "templateFieldId": "8098f4c9-4db5-43b9-98c6-2ab6f18138ed"
       }'),
       ('a22cbe20-ac52-4668-a169-2e8f5be2a0c0', '0fbe2072-fb7e-4d06-9abb-a176e533081e', 'gasUsage', 'MULTI_RADIO', 'STANDARD', '{
         "templateFieldIds": {
           "COOKING": "09b57b0f-48f1-4cb6-92ac-7dfaa862a498",
           "HEATING": "f8f8441f-b6f7-4769-a6e4-ec52ab97f6fc",
           "WATER_BOILER": "522be948-df75-46d3-af01-903b204e6f24"
         }
       }'),
       ('94cee0e1-c032-4831-87ae-82b2c797eaf2', '0fbe2072-fb7e-4d06-9abb-a176e533081e', 'eic', 'TEXT', 'STANDARD', '{
         "templateFieldId": "58dc0497-17d3-4901-b0ca-15def8e708cd"
       }'),
       ('562a39d2-2fd6-44c3-8f86-310e3bf7999f', '0fbe2072-fb7e-4d06-9abb-a176e533081e', 'yearlyConsumptionKwh', 'TEXT', 'STANDARD', '{
         "templateFieldId": "71eda372-5029-409b-a5df-f83342c6a1d1"
       }'),
       ('2d87ece9-bf52-4eb5-8dfa-4fe8ec1f2035', '0fbe2072-fb7e-4d06-9abb-a176e533081e', 'depositPaymentFrequency', 'RADIO', 'STANDARD', '{
         "templateFieldIds": {
           "MONTHLY": "95a992a8-02be-4bf1-b0fa-d2872601df62",
           "QUARTER_YEAR": "770898d8-0e30-4af4-9076-e767a74b546c"
         }
       }'),
       ('abe56d08-2b03-43ce-be5f-6ff4ce2ed765', '0fbe2072-fb7e-4d06-9abb-a176e533081e', 'depositAmount', 'TEXT', 'STANDARD', '{
         "templateFieldId": "717420b4-3fef-4729-a47f-a1e9354e6ebe"
       }'),
       ('f0d4d9b3-0787-48bf-9cbe-b05bc3286630', '0fbe2072-fb7e-4d06-9abb-a176e533081e', 'depositPaymentType', 'RADIO', 'STANDARD', '{
         "templateFieldIds": {
           "DIRECT_DEBIT": "7d3fa718-157e-4201-b993-9608a3442418",
           "PAYMENT_ORDER": "a4729993-4069-4dcc-997e-9d90883ac87b",
           "SIPO": "4f2525c1-fdc5-4285-b995-717aa89baad6"
         }
       }'),
       ('8a9a52ed-6232-475e-9946-faf81bada7c8', '0fbe2072-fb7e-4d06-9abb-a176e533081e', 'sipoNumber', 'TEXT', 'STANDARD', '{
         "templateFieldId": "602e2374-fe93-40bd-a9f4-7f76db0e9db7"
       }'),
       ('39514cd1-7d61-469d-a068-a6cd43825ce7', '0fbe2072-fb7e-4d06-9abb-a176e533081e', 'invoiceOverpaymentsReturn', 'RADIO', 'STANDARD', '{
         "templateFieldIds": {
           "true": "46800321-4f54-4a5c-995b-f995532b5af2",
           "false": "16ee0505-430c-4360-9aee-070ed82499f5"
         }
       }'),
       ('a33fc4a0-a74f-4062-9106-7840f267a6f9', '0fbe2072-fb7e-4d06-9abb-a176e533081e', 'fullBankAccount', 'TEXT', 'STANDARD', '{
         "templateFieldId": "eeddae46-8325-4b8d-b88f-f51fb29592de"
       }'),
       ('979b502f-f0d7-4cb1-b150-fbf461d7321f', '0fbe2072-fb7e-4d06-9abb-a176e533081e', 'product', 'TEXT', 'STANDARD', '{
         "templateFieldId": "eaa85b47-ab40-4ad8-b052-e3e025f81a70"
       }'),
       ('46096675-5e56-4da5-8e5a-04fdd3a592bc', '0fbe2072-fb7e-4d06-9abb-a176e533081e', 'priceWoVat', 'TEXT', 'STANDARD', '{
         "templateFieldId": "8b0a7f95-5805-467d-8277-52080ea886f6"
       }'),
       ('140e4cc9-d275-4aeb-bb06-2126ba56d402', '0fbe2072-fb7e-4d06-9abb-a176e533081e', 'priceWVat', 'TEXT', 'STANDARD', '{
         "templateFieldId": "0c1b292f-a934-4cee-ac4a-e8ca35b52e67"
       }'),
       ('f1c70353-2d96-4ad4-a859-031e6e5e2680', '0fbe2072-fb7e-4d06-9abb-a176e533081e', 'monthlyPaymentWithoutVat', 'TEXT', 'STANDARD', '{
         "templateFieldId": "8c910ef4-5ab8-4b1e-9897-ae3b540f7bbe"
       }'),
       ('c2733cbb-f39a-40fa-b1e9-2b042339f25e', '0fbe2072-fb7e-4d06-9abb-a176e533081e', 'monthlyPaymentWithVat', 'TEXT', 'STANDARD', '{
         "templateFieldId": "874bf24e-7496-423c-a62d-09d5a25068e5"
       }'),
       ('3ef5cb40-b5f4-48f2-b572-3d8075bd75ec', '0fbe2072-fb7e-4d06-9abb-a176e533081e', 'signatureDate', 'TEXT', 'SIGNATURE_DATE', '{
         "templateFieldId": "4a4db3e2-9663-4750-a14e-9b9f0b0e6c5c"
       }')
ON CONFLICT DO NOTHING;
;-- -. . -..- - / . -. - .-. -.--
INSERT INTO dynamic_template_signature(id, dynamic_template_id, page, x_coordinate, y_coordinate, width, height)
VALUES ('6e7ce374-3265-4399-aae3-5bc041589532', '0fbe2072-fb7e-4d06-9abb-a176e533081e', 0, 35, 45, 200, 50)
ON CONFLICT DO NOTHING;
;-- -. . -..- - / . -. - .-. -.--
update dynamic_template_api_field
set type = 'MULTI_RATIO' and fill_instruction = '{
         "templateFieldIds": {
           "NEW_CLIENT": "d1e78890-5cc2-4c29-87a4-7ec1e3c0c076",
           "CLIENT_CHANGE": "608630c2-6555-49c9-b14d-315590b55ac7",
           "PROVIDER_CHANGE": "aeb82267-501c-4a36-82dc-de3b50144d6a"
         }
       }'
where id = '1d022661-0380-489e-8b53-5c732a4b38d0';
;-- -. . -..- - / . -. - .-. -.--
update dynamic_template_api_field
set type = 'MULTI_RADIO' and fill_instruction = '{
         "templateFieldIds": {
           "NEW_CLIENT": "d1e78890-5cc2-4c29-87a4-7ec1e3c0c076",
           "CLIENT_CHANGE": "608630c2-6555-49c9-b14d-315590b55ac7",
           "PROVIDER_CHANGE": "aeb82267-501c-4a36-82dc-de3b50144d6a"
         }
       }'
where id = '1d022661-0380-489e-8b53-5c732a4b38d0';
;-- -. . -..- - / . -. - .-. -.--
update dynamic_template_api_field
set type = 'MULTI_RADIO', fill_instruction = '{
         "templateFieldIds": {
           "NEW_CLIENT": "d1e78890-5cc2-4c29-87a4-7ec1e3c0c076",
           "CLIENT_CHANGE": "608630c2-6555-49c9-b14d-315590b55ac7",
           "PROVIDER_CHANGE": "aeb82267-501c-4a36-82dc-de3b50144d6a"
         }
       }'
where id = '1d022661-0380-489e-8b53-5c732a4b38d0';
;-- -. . -..- - / . -. - .-. -.--
INSERT INTO dynamic_template_field(id, dynamic_template_id, name, backoffice_name)
VALUES ('608630c2-6555-49c9-b14d-315590b55ac7', '8fa301fd-fb12-41d0-9707-b4b1d80ed6c8', 'duvod_pole_2', 'Zmena zakaznika (prepis)'),
       ('aeb82267-501c-4a36-82dc-de3b50144d6a', '8fa301fd-fb12-41d0-9707-b4b1d80ed6c8', 'duvod_pole_3', 'Zmena dodavatela - povodny dodavatel')
ON CONFLICT DO NOTHING;
;-- -. . -..- - / . -. - .-. -.--
update dynamic_template_api_field
set type = 'MULTI_RADIO', fill_instructions = '{
         "templateFieldIds": {
           "NEW_CLIENT": "d1e78890-5cc2-4c29-87a4-7ec1e3c0c076",
           "CLIENT_CHANGE": "608630c2-6555-49c9-b14d-315590b55ac7",
           "PROVIDER_CHANGE": "aeb82267-501c-4a36-82dc-de3b50144d6a"
         }
       }'
where id = '1d022661-0380-489e-8b53-5c732a4b38d0';
;-- -. . -..- - / . -. - .-. -.--
INSERT INTO dynamic_template_field(id, dynamic_template_id, name, backoffice_name)
VALUES ('608630c2-6555-49c9-b14d-315590b55ac7', '8fa301fd-fb12-41d0-9707-b4b1d80ed6c8', 'duvod_pole_2', 'Zmena zakaznika (prepis)'),
       ('aeb82267-501c-4a36-82dc-de3b50144d6a', '8fa301fd-fb12-41d0-9707-b4b1d80ed6c8', 'duvod_pole_3', 'Zmena dodavatela - povodny dodavatel'),
       ('75de7bc0-2a56-4d8f-a611-153936d0900f', '8fa301fd-fb12-41d0-9707-b4b1d80ed6c8', 'zalohy_pole_3', 'Prime inkaso'),
       ('310120cc-2524-429e-8e7b-4769fe5c6632', '8fa301fd-fb12-41d0-9707-b4b1d80ed6c8', 'zalohy_pole_3', 'Prikaz k uhrade')
ON CONFLICT DO NOTHING;
;-- -. . -..- - / . -. - .-. -.--
update dynamic_template_api_field
set type = 'RADIO', fill_instructions = '{
  "templateFieldIds": {
    "NEW_CLIENT": "09cd78f5-965d-426d-99a5-d7804382fdbf",
    "CLIENT_CHANGE": "75de7bc0-2a56-4d8f-a611-153936d0900f",
    "PROVIDER_CHANGE": "310120cc-2524-429e-8e7b-4769fe5c6632"
  }
}'
where id = '7f9d92b0-5d0f-4c51-a980-dd3bb2e2e661';
;-- -. . -..- - / . -. - .-. -.--
update dynamic_template_api_field
set type = 'RADIO', fill_instructions = '{
  "templateFieldIds": {
    "true": "87227bd9-0a31-47bf-8c09-2296159c11b9",
    "false": "87af9acd-70b0-49b5-b8a6-738e9f7f68d8"
  }
}'
where id = 'f922167c-37ea-4bc5-b07a-285e6bc31a40';
;-- -. . -..- - / . -. - .-. -.--
update dynamic_template_api_field
set type = 'RADIO', fill_instructions = '{
  "templateFieldIds": {
    "true": "288ccb3c-61ce-4a57-b1ff-e84f3de3d928",
    "false": "e44c6952-a50e-406f-8d7e-1b07c3e4ff25"
  }
}'
where id = '05c6d49f-1e16-4358-8dfe-b795c596f587';
;-- -. . -..- - / . -. - .-. -.--
INSERT INTO dynamic_template_field(id, dynamic_template_id, name, backoffice_name)
VALUES ('608630c2-6555-49c9-b14d-315590b55ac7', '8fa301fd-fb12-41d0-9707-b4b1d80ed6c8', 'duvod_pole_2', 'Zmena zakaznika (prepis)'),
       ('aeb82267-501c-4a36-82dc-de3b50144d6a', '8fa301fd-fb12-41d0-9707-b4b1d80ed6c8', 'duvod_pole_3', 'Zmena dodavatela - povodny dodavatel'),
       ('75de7bc0-2a56-4d8f-a611-153936d0900f', '8fa301fd-fb12-41d0-9707-b4b1d80ed6c8', 'zalohy_pole_3', 'Prime inkaso'),
       ('310120cc-2524-429e-8e7b-4769fe5c6632', '8fa301fd-fb12-41d0-9707-b4b1d80ed6c8', 'zalohy_pole_3', 'Prikaz k uhrade'),
       ('87af9acd-70b0-49b5-b8a6-738e9f7f68d8', '8fa301fd-fb12-41d0-9707-b4b1d80ed6c8', 'adresa_dorucovani_pole_2', 'je jina')
ON CONFLICT DO NOTHING;
;-- -. . -..- - / . -. - .-. -.--
update dynamic_template_field
set backoffice_name = 'Novy odber'
where id = 'd1e78890-5cc2-4c29-87a4-7ec1e3c0c076';
;-- -. . -..- - / . -. - .-. -.--
update dynamic_template_field
set backoffice_name = 'SIPO'
where id = '09cd78f5-965d-426d-99a5-d7804382fdbf';
;-- -. . -..- - / . -. - .-. -.--
update dynamic_template_api_field
set type = 'RADIO', fill_instructions = '{
  "templateFieldIds": {
    "NEW_CLIENT": "d1e78890-5cc2-4c29-87a4-7ec1e3c0c076",
    "CLIENT_CHANGE": "608630c2-6555-49c9-b14d-315590b55ac7",
    "PROVIDER_CHANGE": "aeb82267-501c-4a36-82dc-de3b50144d6a"
  }
}'
where id = '1d022661-0380-489e-8b53-5c732a4b38d0';
;-- -. . -..- - / . -. - .-. -.--
update dynamic_template_api_field
set type = 'RADIO', fill_instructions = '{
  "templateFieldIds": {
    "PAYMENT_ORDER": "09cd78f5-965d-426d-99a5-d7804382fdbf",
    "DIRECT_DEBIT": "75de7bc0-2a56-4d8f-a611-153936d0900f",
    "SIPO": "310120cc-2524-429e-8e7b-4769fe5c6632"
  }
}'
where id = '7f9d92b0-5d0f-4c51-a980-dd3bb2e2e661';
;-- -. . -..- - / . -. - .-. -.--
update dynamic_template_api_field
set type = 'RADIO', fill_instructions = '{
  "templateFieldIds": {
    "false": "87227bd9-0a31-47bf-8c09-2296159c11b9",
    "true": "87af9acd-70b0-49b5-b8a6-738e9f7f68d8"
  }
}'
where id = 'f922167c-37ea-4bc5-b07a-285e6bc31a40';
;-- -. . -..- - / . -. - .-. -.--
INSERT INTO dynamic_template_field(id, dynamic_template_id, name, backoffice_name)
VALUES ('3c426d0d-34b6-4608-8f09-8cfe5ee53754', '409710ae-6305-4505-9420-9adbb9e879b7', 'duvod_pole_2', 'Zmena zakaznika (prepis)'),
       ('e445ed1e-7f41-4929-8801-d20ac946f3dc', '409710ae-6305-4505-9420-9adbb9e879b7', 'duvod_pole_3', 'Zmena dodavatela - povodny dodavatel'),
       ('210476a0-eb58-46ea-98d4-2709c73a3bf1', '409710ae-6305-4505-9420-9adbb9e879b7', 'zalohy_pole_3', 'Prime inkaso'),
       ('719008de-a736-4b8b-90b1-aea9b0d0c676', '409710ae-6305-4505-9420-9adbb9e879b7', 'zalohy_pole_3', 'Prikaz k uhrade'),
       ('e44c6952-a50e-406f-8d7e-1b07c3e4ff25', '409710ae-6305-4505-9420-9adbb9e879b7', 'adresa_dorucovani_pole_2', 'je jina')
ON CONFLICT DO NOTHING;
;-- -. . -..- - / . -. - .-. -.--
update dynamic_template_field
set backoffice_name = 'Novy odber'
where id = 'eedc21a7-3739-4e81-af41-f2b786b0de63';
;-- -. . -..- - / . -. - .-. -.--
update dynamic_template_field
set backoffice_name = 'SIPO'
where id = 'ff5b6b57-05ae-4058-86c4-0be74380510c';
;-- -. . -..- - / . -. - .-. -.--
update dynamic_template_field
set backoffice_name = 'Je stejna jako adresa zakaznika'
where id = '288ccb3c-61ce-4a57-b1ff-e84f3de3d928';
;-- -. . -..- - / . -. - .-. -.--
update dynamic_template_api_field
set type = 'RADIO', fill_instructions = '{
  "templateFieldIds": {
    "NEW_CLIENT": "eedc21a7-3739-4e81-af41-f2b786b0de63",
    "CLIENT_CHANGE": "3c426d0d-34b6-4608-8f09-8cfe5ee53754",
    "PROVIDER_CHANGE": "e445ed1e-7f41-4929-8801-d20ac946f3dc"
  }
}'
where id = '85195e62-67f5-40ec-bedc-f5a52907969d';
;-- -. . -..- - / . -. - .-. -.--
update dynamic_template_api_field
set type = 'RADIO', fill_instructions = '{
  "templateFieldIds": {
    "PAYMENT_ORDER": "ff5b6b57-05ae-4058-86c4-0be74380510c",
    "DIRECT_DEBIT": "210476a0-eb58-46ea-98d4-2709c73a3bf1",
    "SIPO": "719008de-a736-4b8b-90b1-aea9b0d0c676"
  }
}'
where id = 'ad12a35c-36a6-4073-9325-a8037008c0f5';
;-- -. . -..- - / . -. - .-. -.--
update dynamic_template_api_field
set type = 'RADIO', fill_instructions = '{
  "templateFieldIds": {
    "false": "288ccb3c-61ce-4a57-b1ff-e84f3de3d928",
    "true": "e44c6952-a50e-406f-8d7e-1b07c3e4ff25"
  }
}'
where id = '05c6d49f-1e16-4358-8dfe-b795c596f587';
;-- -. . -..- - / . -. - .-. -.--
update dynamic_template_api_field
set type = 'RADIO', fill_instructions = '{
         "templateFieldIds": {
           "PAYMENT_ORDER": "310120cc-2524-429e-8e7b-4769fe5c6632",
           "DIRECT_DEBIT": "75de7bc0-2a56-4d8f-a611-153936d0900f",
           "SIPO": "09cd78f5-965d-426d-99a5-d7804382fdbf"
         }
       }'
where id = '7f9d92b0-5d0f-4c51-a980-dd3bb2e2e661';
;-- -. . -..- - / . -. - .-. -.--
update dynamic_template_api_field
set type = 'RADIO', fill_instructions = '{
         "templateFieldIds": {
           "PAYMENT_ORDER": "719008de-a736-4b8b-90b1-aea9b0d0c676",
           "DIRECT_DEBIT": "210476a0-eb58-46ea-98d4-2709c73a3bf1",
           "SIPO": "ff5b6b57-05ae-4058-86c4-0be74380510c"
         }
       }'
where id = 'ad12a35c-36a6-4073-9325-a8037008c0f5';
;-- -. . -..- - / . -. - .-. -.--
update dynamic_template_api_field
set fill_instructions = '{
         "templateFieldIds": {
           "PAYMENT_ORDER": "310120cc-2524-429e-8e7b-4769fe5c6632",
           "DIRECT_DEBIT": "75de7bc0-2a56-4d8f-a611-153936d0900f",
           "SIPO": "09cd78f5-965d-426d-99a5-d7804382fdbf"
         }
       }'
where id = '7f9d92b0-5d0f-4c51-a980-dd3bb2e2e661';
;-- -. . -..- - / . -. - .-. -.--
update dynamic_template_api_field
set fill_instructions = '{
         "templateFieldIds": {
           "PAYMENT_ORDER": "719008de-a736-4b8b-90b1-aea9b0d0c676",
           "DIRECT_DEBIT": "210476a0-eb58-46ea-98d4-2709c73a3bf1",
           "SIPO": "ff5b6b57-05ae-4058-86c4-0be74380510c"
         }
       }'
where id = 'ad12a35c-36a6-4073-9325-a8037008c0f5';
;-- -. . -..- - / . -. - .-. -.--
update dynamic_template_signature
set y_coordinate = 96, height = 30
where id = 'e68c95fb-974c-4f2f-b8c7-35d21e26884e';
;-- -. . -..- - / . -. - .-. -.--
update dynamic_template_field
set name = 'zalohy_pole_2'
where id = '210476a0-eb58-46ea-98d4-2709c73a3bf1';
;-- -. . -..- - / . -. - .-. -.--
update dynamic_template_field
set name = 'zalohy_pole_2'
where id = '75de7bc0-2a56-4d8f-a611-153936d0900f';
;-- -. . -..- - / . -. - .-. -.--
update dynamic_template_field
set backoffice_name = 'Je stejna jako adresa zakaznika'
where id = '87227bd9-0a31-47bf-8c09-2296159c11b9';
;-- -. . -..- - / . -. - .-. -.--
update dynamic_template_api_field
set type = 'RADIO', fill_instructions = '{
         "templateFieldIds": {
           "NEW_CLIENT": "d1e78890-5cc2-4c29-87a4-7ec1e3c0c076",
           "CLIENT_CHANGE": "1522ad5f-2377-4277-91b6-19ea3ec3245f",
           "PROVIDER_CHANGE": "b7d38dbd-02a7-4fd7-9784-47ba354dbd1f"
         }
       }'
where id = '98783781-eb18-4a8c-a970-7f590977b99e';
;-- -. . -..- - / . -. - .-. -.--
update dynamic_template_signature
set y_coordinate = 77, height = 30
where id = 'fd36da75-205c-4d0b-8736-500d1717bc1e';
;-- -. . -..- - / . -. - .-. -.--
INSERT INTO dynamic_template_field(id, dynamic_template_id, name, backoffice_name)
VALUES ('1522ad5f-2377-4277-91b6-19ea3ec3245f', 'a1406052-c664-442b-b8f7-3928f3e80e98', 'duvod_pole_2', 'Zmena zakaznika (prepis)'),
       ('b7d38dbd-02a7-4fd7-9784-47ba354dbd1f', 'a1406052-c664-442b-b8f7-3928f3e80e98', 'duvod_pole_3', 'Zmena dodavatela - povodny dodavatel'),
       ('8f304bc5-11a6-4cc2-b044-d9ac7ca71132', 'a1406052-c664-442b-b8f7-3928f3e80e98', 'zalohy_pole_2', 'Prime inkaso'),
       ('b93496ff-cb1d-4bda-aa2a-c712e1473a9c', 'a1406052-c664-442b-b8f7-3928f3e80e98', 'zalohy_pole_3', 'Prikaz k uhrade'),
       ('13048fc5-d602-4577-85b8-03d600255dac', 'a1406052-c664-442b-b8f7-3928f3e80e98', 'adresa_dorucovani_pole_2', 'je jina')
ON CONFLICT DO NOTHING;
;-- -. . -..- - / . -. - .-. -.--
update dynamic_template_field
set backoffice_name = 'Novy odber'
where id = '8628f090-3da0-40b7-846b-73c3c90cdc7a';
;-- -. . -..- - / . -. - .-. -.--
update dynamic_template_field
set backoffice_name = 'SIPO'
where id = 'abaae022-fdce-4242-ac27-f39627f09126';
;-- -. . -..- - / . -. - .-. -.--
update dynamic_template_field
set backoffice_name = 'Je stejna jako adresa zakaznika'
where id = '4ff750cd-6234-4605-a6ca-67a87497f4f5';
;-- -. . -..- - / . -. - .-. -.--
update dynamic_template_api_field
set type = 'RADIO', fill_instructions = '{
         "templateFieldIds": {
           "NEW_CLIENT": "8628f090-3da0-40b7-846b-73c3c90cdc7a",
           "CLIENT_CHANGE": "1522ad5f-2377-4277-91b6-19ea3ec3245f",
           "PROVIDER_CHANGE": "b7d38dbd-02a7-4fd7-9784-47ba354dbd1f"
         }
       }'
where id = '98783781-eb18-4a8c-a970-7f590977b99e';
;-- -. . -..- - / . -. - .-. -.--
update dynamic_template_api_field
set type = 'RADIO', fill_instructions = '{
         "templateFieldIds": {
           "PAYMENT_ORDER": "b93496ff-cb1d-4bda-aa2a-c712e1473a9c",
           "DIRECT_DEBIT": "8f304bc5-11a6-4cc2-b044-d9ac7ca71132",
           "SIPO": "abaae022-fdce-4242-ac27-f39627f09126"
         }
       }'
where id = '43ea3d78-cea4-419c-988c-482ba317ca75';
;-- -. . -..- - / . -. - .-. -.--
update dynamic_template_api_field
set type = 'RADIO', fill_instructions = '{
         "templateFieldIds": {
           "false": "4ff750cd-6234-4605-a6ca-67a87497f4f5",
           "true": "13048fc5-d602-4577-85b8-03d600255dac"
         }
       }'
where id = '7602aca6-a7a4-4e6c-a9fe-e79661a94559';
;-- -. . -..- - / . -. - .-. -.--
INSERT INTO dynamic_template_field(id, dynamic_template_id, name, backoffice_name)
VALUES ('827fd369-a892-4071-8e2a-3aa9f21eb073', 'ec408fcb-b940-460d-90de-e3360d22164e', 'duvod_pole_2', 'Zmena zakaznika (prepis)'),
       ('ba4ef10f-0b51-4ed3-bdd5-18192bf594ac', 'ec408fcb-b940-460d-90de-e3360d22164e', 'duvod_pole_3', 'Zmena dodavatela - povodny dodavatel'),
       ('fe458b01-0a3e-4037-ba8f-81742b364b3f', 'ec408fcb-b940-460d-90de-e3360d22164e', 'zalohy_pole_2', 'Prime inkaso'),
       ('05aae6b1-7ade-4c64-a6f7-bbb329851b84', 'ec408fcb-b940-460d-90de-e3360d22164e', 'zalohy_pole_3', 'Prikaz k uhrade'),
       ('1d97b6d0-8665-4b8c-86db-8093cc884b39', 'ec408fcb-b940-460d-90de-e3360d22164e', 'adresa_dorucovani_pole_2', 'je jina')
ON CONFLICT DO NOTHING;
;-- -. . -..- - / . -. - .-. -.--
update dynamic_template_field
set backoffice_name = 'Novy odber'
where id = 'f9abcee3-a79f-4b17-bd4d-ebe05c4e4075';
;-- -. . -..- - / . -. - .-. -.--
update dynamic_template_field
set backoffice_name = 'SIPO'
where id = '07961fa5-6792-45a1-8d79-6a18610d38a3';
;-- -. . -..- - / . -. - .-. -.--
update dynamic_template_field
set backoffice_name = 'Je stejna jako adresa zakaznika'
where id = 'e266772d-a114-4519-89b9-db7377a8b454';
;-- -. . -..- - / . -. - .-. -.--
update dynamic_template_api_field
set type = 'RADIO', fill_instructions = '{
         "templateFieldIds": {
           "NEW_CLIENT": "f9abcee3-a79f-4b17-bd4d-ebe05c4e4075",
           "CLIENT_CHANGE": "827fd369-a892-4071-8e2a-3aa9f21eb073",
           "PROVIDER_CHANGE": "ba4ef10f-0b51-4ed3-bdd5-18192bf594ac"
         }
       }'
where id = '3d192757-01dd-4487-bad5-3ce9dba95955';
;-- -. . -..- - / . -. - .-. -.--
update dynamic_template_api_field
set type = 'RADIO', fill_instructions = '{
         "templateFieldIds": {
           "PAYMENT_ORDER": "05aae6b1-7ade-4c64-a6f7-bbb329851b84",
           "DIRECT_DEBIT": "fe458b01-0a3e-4037-ba8f-81742b364b3f",
           "SIPO": "07961fa5-6792-45a1-8d79-6a18610d38a3"
         }
       }'
where id = 'de5e4673-30bd-4fd7-97e7-0c350c1efe27';
;-- -. . -..- - / . -. - .-. -.--
update dynamic_template_api_field
set type = 'RADIO', fill_instructions = '{
         "templateFieldIds": {
           "false": "e266772d-a114-4519-89b9-db7377a8b454",
           "true": "1d97b6d0-8665-4b8c-86db-8093cc884b39"
         }
       }'
where id = 'd379a769-b04b-413f-b3b7-b4d71c3098ac';
;-- -. . -..- - / . -. - .-. -.--
update dynamic_template_field
set name = 'misto_datum_podpisu_1'
where id = 'ff3a9610-4f70-4729-8133-5bcef06d3a1c';